id,hform
8538,28.1588538860705
9052,69.028874061493
10503,60.581700403981195
611,63.30995184946025
7212,78.46168445711832
10750,27.44061450548435
1646,98.94324799147716
6893,88.65043372952853
4403,12.489179675172647
1641,36.83546342243867
6742,14.066371949376643
13048,72.65542087437554
3248,8.885826835127663
13764,0.7839753155040596
80,82.69421936078996
15558,15.642564857422958
14943,55.49027484170895
13637,99.31750563965383
8933,98.31020764050203
10047,80.81228352561527
1903,4.613706726173672
4167,44.96178426720731
1639,61.614591433309954
10502,4.2921533499827635
15188,83.03574733728664
7438,94.66220460564111
7325,88.76817239797762
15591,6.321305306041236
12914,29.906548224397113
4235,80.49487682403854
9681,53.128218590921094
4088,71.06723131130039
7776,2.167496645872402
15215,69.45035977654092
4798,77.0820616897967
3513,28.092923162561544
10438,9.960728425320188
2630,75.91766880567886
3006,71.53268664356767
2687,59.94284431053367
9075,60.36258667089022
5028,13.776939910162799
13284,74.23437314980103
5862,67.68785519079479
10869,13.65435446626445
9530,94.84015155509283
14130,78.32745332129227
15374,52.13925960169076
511,42.01507501108062
12452,37.00619121260754
8282,17.93175112739146
11189,33.0607799285152
10697,36.39350278453309
8575,1.598193236699741
2789,79.04146342886482
14728,71.49259587513201
8562,69.10756995862366
14063,53.70499654988522
14712,63.8806888062303
12224,4.842903102088769
8312,89.84597812669914
11116,87.79977423035581
6333,26.775692417879405
6463,9.595953097486587
1165,18.981170284998463
3751,91.93139443990354
10000,45.32440854736842
8168,13.506054790502553
10704,84.35164259108868
14215,34.53381292179862
8616,40.3739416384474
247,12.645380387406057
14521,4.790751485045519
11714,22.921881817459166
976,38.15764506938206
4688,86.20506042735437
5395,42.40830265257834
4911,21.622809152507116
6417,0.966845475751521
10718,25.906474409963554
1152,75.41284028747873
9758,8.782262628210836
15689,13.851318865950436
7363,84.94741615021972
7165,83.53594381867828
1083,16.362869731401542
42,84.89238351341366
3937,87.26336743191675
8308,63.785157877521335
14028,80.32646001419468
199,37.274683184625715
10001,73.58176149577392
1433,38.15453300878762
7251,50.15781989895408
4393,54.641017510035404
14771,8.651813143128727
657,51.446954125368
2260,85.8258857762353
4172,78.86730965744194
988,89.79381162015908
11705,29.593801149463907
7264,58.40901694720024
888,54.00387418357022
6868,93.18057836693609
4692,99.62886706236321
7877,30.796097394109236
2562,58.03078941471688
14660,64.99698601081687
14153,68.3558204702604
9294,57.59664173671039
2270,48.18136820392819
15658,54.26174608416018
10736,65.47962898800205
13446,32.86188511728786
3812,14.517080628140311
2547,59.0312293302791
11682,79.30504271118902
15024,10.891378831793809
12572,15.194334566395506
8148,89.24856697657323
11372,83.56229962176117
391,89.45016468621618
8293,0.06764050927906551
2360,28.929796295760802
4181,1.2276462889748707
7413,51.57533885732156
12324,62.786055633910685
7647,9.569291325449058
15647,96.81766290867584
10446,63.43253689373466
6321,5.872234399088416
2970,55.036998830510974
6256,33.76780156691904
5588,55.69416464850819
1914,15.858537037758092
6723,31.184568411896564
9710,6.5541203524666525
4279,58.62357128269269
5573,70.93043916040257
10166,43.35722870036722
12905,20.204707356291152
5487,88.39853529786481
5267,86.74132735203365
3660,44.75134513229132
13320,31.658826623782677
15038,72.5029007761991
1091,70.23824707585894
8589,42.93871917125009
3564,87.76291462878044
1947,73.33318947006524
2799,96.66503502911503
121,35.83854114805518
12033,51.03403964806999
13183,41.392933838927505
14831,98.85003452803114
9505,13.454484655574085
2633,29.72584831479377
5542,18.75682141291093
13685,45.75693221278979
7720,88.47631066009708
9604,94.05044630808688
10969,4.370029328958813
13511,49.452803103114064
7861,90.43944749909024
3308,80.79333205816833
533,29.716390157390304
13807,27.329998910781207
11173,68.66620775089811
1166,75.23949951709498
4546,69.60810514374488
193,70.97270363503671
3314,57.796891467849655
6604,14.361127117115268
15336,38.29079712848185
2021,92.6712897884636
2065,96.2015868896817
12109,35.088464177100235
7667,71.1700406834201
14894,27.701418162650892
548,5.837148363876077
10886,3.743350563136827
1701,56.404457040299846
7600,23.34698447017882
12904,36.56841431938296
10264,92.63357379164414
1092,43.74890590117041
1207,49.490278467418115
5968,76.95743143038807
6963,97.29330503508751
10801,53.26271718552346
12057,72.61597595342847
3475,60.85819265839029
1856,38.077860466442424
7548,64.33343734111853
2790,70.7215963228893
9370,5.687349594178814
10577,33.32652497253888
6484,78.76069797605729
438,1.2539989855140266
2489,32.111025104313704
11195,50.777593663833485
7197,17.765522623148268
1146,15.581223992121185
8478,83.04400750048275
11777,47.5277676226036
773,28.621076216456864
1896,57.632746006017655
13154,29.183425984385124
9843,64.30619069426264
14062,8.981437103228796
11122,8.65271821509629
6167,65.97220969176783
2439,71.55014990450277
12030,16.65117452920134
6343,94.09157155109759
11214,75.78584466754063
12200,38.18054434364664
4829,36.09197091464576
2443,11.297788658834984
1746,58.50776089785481
14212,46.79933461234591
13518,85.55447130257286
4377,71.33083070226574
553,22.377963913455535
11182,9.97958049782871
5263,32.87823097065278
15131,71.10972368222562
12009,16.174423817579363
1082,61.06689535153428
7406,13.246811349064702
11299,11.089658665958035
10974,33.738685966717895
8226,87.68240685979785
5552,5.136541536966066
13576,20.87412114298546
9352,36.47583268785365
588,60.612637169807336
7365,64.57766201828379
6182,17.242137836122062
15670,19.000130625235467
3996,48.42411165117291
9768,58.782421736568566
10569,66.77652747238768
15263,14.398044904571183
8176,3.4902707259544363
6083,3.910325013136551
4963,22.00446290371014
15456,35.40029941889031
10005,78.98385814468027
12272,35.55317598561363
12497,51.97883267248385
13969,99.33657093758032
3340,66.13918939454172
2301,77.79067046182861
3986,89.49991214852295
8456,83.71060228757992
8008,23.151336643907605
14518,68.14625436955163
13929,8.718511568684551
14146,61.66063636918005
543,75.56334533146682
579,46.433019184983515
13610,88.55157767556851
14548,26.41819104555031
4748,43.00593321827565
8569,48.68460755792869
7845,15.848246722326042
12627,19.428524515795353
777,89.94235601707796
6528,48.42207260697534
5428,63.302475979779146
6095,70.8652246034004
3914,27.142039204129887
7138,30.992530069182102
10338,65.25455402897445
8843,45.64651234275922
12075,86.36504496752428
6252,15.0357719900585
1078,13.849331513172414
12600,29.861500200668857
11578,21.92506318227543
3331,9.625223393998406
7006,88.7329237741818
3909,80.73201946251704
1512,66.50249057439108
11829,45.12682337552232
10549,7.365277942730408
14206,76.31045398841245
2459,72.69177960870337
12712,46.03941919608525
4533,2.1492574782737917
11123,21.580232176579926
5584,16.327881421493817
1257,19.976355831605296
2528,79.35490403443491
13073,35.30953989970107
6766,59.12467775425354
9324,90.1827708706902
196,98.08545179010791
11643,99.58352503257524
11803,34.277460951289285
6926,88.88761532840269
616,71.01747524871091
11333,39.19782409034418
7731,89.61892516137215
8765,62.05798060844471
10645,77.80665453058579
13787,98.67509246498341
7643,41.428890620320416
2673,4.6459415205784005
38,68.82454972165424
14695,21.102346379593506
14151,84.51427891414382
15508,18.141345976712387
7144,48.43653413810366
10594,28.727228856541497
3076,78.59456352069903
4660,88.22178851073892
6227,2.956788825499612
12375,41.42463170222634
5905,91.36145800185443
1279,83.34136596044885
5756,70.09660517939511
7056,58.602525294106954
13559,38.76031641813324
935,62.0671535397675
4785,76.9062307852364
5993,54.32680256459689
4224,10.048720376482256
10828,80.65576587421464
4836,27.818926956816682
1406,65.08592753588964
4778,26.025852589622044
1794,23.922313519661444
11894,40.61943403898848
12367,79.2978117496976
2481,74.10311292642595
12585,79.80531417544385
6485,43.38993518847711
13265,67.32493822622612
1205,47.19223632087416
8134,21.62564308505681
8577,49.22324740549931
4013,6.829320558762175
13228,86.67631660704977
10831,85.79963171477559
10434,47.444373613796195
9385,62.11518390504309
6363,58.429798474114804
1841,91.64753356418403
3431,41.94280708024641
14418,51.64065976495312
10506,99.38624453468789
15051,76.46216641471662
8692,25.620907248429514
15680,55.30076039330828
12997,79.32523353740132
5030,26.054756964342285
4958,20.87940153160127
12510,92.7453819405283
2039,36.38609222422866
3404,21.39902442681082
2208,66.27516890653138
297,5.253604981408921
8149,97.77574218851667
11360,31.827203635339963
7155,10.95198648112774
7717,29.29043807524041
13230,62.21176920146222
5290,40.222158807211386
6796,4.9438576941061125
3447,88.8402126899749
7341,52.550800826457724
2409,56.14744839101717
9161,31.185058183808067
4161,39.77953318245826
2221,76.0126867566247
2399,83.44575807436259
11913,37.184370554838694
3958,14.703286426787333
10586,73.93728422344581
6869,18.57622317794213
10491,63.91480300276636
5318,74.14312366943669
14817,86.56591012153592
5710,89.0745752023834
9538,5.314397235074509
12133,28.055908464217104
2575,10.388733703853493
1536,79.5210850072117
13470,43.230037103505495
3102,12.796416778458731
12912,24.91723185233068
4486,33.293136630917765
10996,58.77035351371547
10420,92.76441153308606
9483,89.22257722694866
5408,25.707343033403397
13087,21.69637656627279
6749,37.32836916655796
11276,3.2079236358253604
15104,78.85635909923286
13734,14.542097265903632
12408,74.77120279788828
12982,10.594061621647
5108,16.646782421842765
6588,85.6033860779887
6534,71.4872662942841
2560,25.721357909744214
5115,60.19171114411386
15206,99.02480972095363
11465,12.824417714075997
13864,56.128984247844436
14751,99.37431437995207
7486,70.10093880500932
3587,30.559860478549638
15673,93.48161432881128
14759,98.36571579458307
6900,95.88667961191946
2468,65.66286963171414
6932,55.891883434539345
4608,53.73356609126089
1765,80.30979235491525
6340,83.9947642650947
5999,90.88255912747289
12835,18.350378810506207
3391,81.98139053441955
4678,73.52720114385973
6064,52.520261634215714
998,43.63264338932025
7127,44.539585018270124
11858,0.5085536766312626
12393,68.86057726773205
1419,25.978934939265642
439,82.06814152056354
6149,99.46623887684557
9437,47.421063182326264
4589,56.35450660767395
4863,17.084036749204635
10959,94.43892684984051
1368,73.22311183132236
2416,4.527936822891132
9167,63.60713632037108
7993,66.21606177280293
10137,55.24142431540837
5639,41.631132955516605
6458,23.99802619241487
2717,81.14958389682204
4454,69.88387471738633
7220,5.358909623168129
7389,94.99150935400245
10267,2.9316202350054277
7698,77.12747762981486
2363,29.658308256132127
11036,99.97447891530409
10207,4.391741966612028
2071,76.2139072679632
10311,84.51581439000549
15164,96.17673851587655
10118,15.834471703673625
8916,88.68141316967721
4560,63.090383906039435
3735,68.06235109445579
3656,96.1479433786063
12959,84.06712597049035
7952,99.88876838930459
2096,33.13833841503635
14574,1.6902398732057566
5596,86.76082491597457
63,85.28319456321323
2696,3.521704231360112
8352,7.429138289612613
4606,42.09137000255224
5479,56.94501603832488
8463,94.33228803660711
7330,32.191345978113894
1170,52.83202898426455
11446,81.27021834918176
11012,78.06720518802655
2986,28.64930612035399
11689,45.316116777610084
6931,29.321780860749016
2509,38.9036672831075
13484,15.148917805025086
368,72.09464431341497
8180,77.95777346870312
10083,73.61202880074295
6770,3.7756663363085474
4844,94.38553616523744
4913,37.33625709397852
8300,64.64845672670751
2557,44.65255655644987
15129,44.268146857098024
8225,59.21115849629246
4534,46.434562809389014
5620,38.07172607890315
1751,36.65061684028632
8883,98.50465418686912
9471,89.22524061259944
11614,74.79874325195541
13014,63.254705017604486
13712,63.27739055958299
12342,23.18160276642871
6724,61.58883727571817
14837,17.435393532257493
5820,80.37426837151237
11243,2.2047018097986926
1905,72.91680645109673
3162,38.620208003334355
3236,66.62708190890487
3846,44.94288632625615
2892,55.66500068296326
2059,18.819603595367052
11505,62.804603257380684
14270,41.02794986835265
13133,2.0190771795525753
4941,5.544535052273125
5370,6.197257347127161
15471,36.7749235499824
14562,88.34273386089046
84,39.51843790784147
6595,98.26065642717866
6290,29.35739488840522
6173,92.1279998881769
12524,11.74637905714616
1823,44.89073828936747
10154,40.94033287233725
9585,7.136338747517657
14498,5.4327738381969475
2492,89.13626532493608
12700,56.40029469293323
3684,2.5896565456784426
4629,28.108757183800215
6990,69.48637854885644
12535,28.14425836944947
15488,56.76603691811408
12521,44.408378637918624
1742,30.91245660147993
14924,35.835176231318314
13536,60.407413306204404
11815,7.732559985112375
12886,38.21974622717826
9528,2.5592148166088236
4871,41.49697737645383
8723,73.15704158390733
686,20.235910739413253
118,2.6643934652956225
12770,15.970017996563545
7224,60.633742722300255
9804,28.606818207237072
13984,26.130841523315052
14202,1.0626147131930552
6682,62.57138743972509
15037,34.643395174021876
6991,79.17546251127729
3486,30.213366160545295
7554,42.55910048294243
6466,46.20450765255077
2326,40.2544881389915
381,89.72146594602597
6356,94.8570009789407
15313,50.45142557074149
3169,78.80443300585195
10418,53.52032836105855
14784,16.42930147324443
11747,39.72433476873213
11668,32.84641012202274
12062,47.538080956632825
7771,48.17733975066309
12722,23.85579686187347
13278,88.52844648723833
5793,73.21128921532049
15350,91.90336607557245
9248,20.528307319040728
7117,87.35646095187411
576,58.09872276805817
7218,63.543192150203275
3695,43.157051859552766
11238,57.820465093084906
2516,96.93261209659809
6360,57.05681750145142
7305,27.06049990971483
12402,46.510641282874985
3218,74.52427602661672
10910,32.23629556127094
7103,7.288031417267171
3203,24.814574071068495
3859,97.74998989362513
891,65.63842143704926
6467,93.43758561201378
15378,84.17563472231431
9900,38.982610718711584
8781,3.7857951968056303
8403,57.44593265456653
2808,47.4299753108852
6804,47.941360550605694
8459,85.06675904654848
2599,82.74295590341268
1337,47.74449931383818
11038,29.55876101593714
7915,50.78359411546549
15577,22.657167981346827
10026,15.240163795663154
4990,79.8523764020635
12939,3.3383673342468723
12247,48.95726445105593
9968,45.94172061097037
14289,85.25573619358241
7201,67.64531748159237
7272,59.57997729965603
15308,95.14807112189605
15339,5.96268144607337
3625,44.22609389249538
3537,90.92399806471214
2026,86.40651768658795
9436,76.23508565301678
13343,33.22870247476239
12813,91.9597718009609
6286,6.376961235830558
9422,90.1553079431975
12616,37.5275527468506
8295,73.97146315554333
6065,80.60667567773343
13697,59.29782572462836
2457,35.45484105685869
3611,77.4127321865388
910,72.5984430682089
13482,54.57889440813545
2750,42.96098565423987
12204,73.5251322396716
9757,71.21076832293237
13366,59.94907233174338
2736,11.654978331405408
3898,94.40415547786999
2999,91.66602032963398
1426,94.09068226518995
14459,83.60803772812528
4815,83.48495522345519
2231,71.16142977303329
3040,50.40077407128478
8879,23.1398549895654
11487,77.61188588220601
11690,34.045618648911436
10168,30.84265032798863
10906,79.16584852303721
9698,95.89529003245868
762,43.31024876510893
5797,17.16799331995331
4698,71.06622252770526
13630,60.55959600583236
6803,91.39705927969487
12229,31.276067142329854
2215,65.80810326529756
13930,54.59949882971083
5846,51.74242035987196
6491,27.037142433326842
837,86.53465633553685
3124,98.19004500889166
12472,49.55516052108781
7471,77.0576939194862
12013,76.91671074278605
1969,85.24490055080364
12923,17.737690775497338
13819,89.39424129825355
13794,38.26245283561946
13698,54.90610726893005
8625,91.4566633438457
2992,34.39736011891556
4015,71.32121703572139
6851,66.52562115163968
15497,14.919422692919104
1070,1.2411049807060759
15710,11.749481819441632
6537,22.195805907635336
9346,91.9335118142243
10439,17.284143534084407
15363,98.1853360138093
2382,28.001007871500384
9646,52.78003221417603
13581,18.90752065880661
5281,67.88786611878153
2815,41.63821706429904
5430,62.23821850537809
2114,87.50207797827575
250,49.47699825306855
6071,93.67001106409214
13956,83.1524514434147
8571,74.61475377166181
7980,18.175660467328537
6444,79.40785214761603
15654,88.79662066766278
7372,27.0380271612207
129,24.308382934487526
1561,81.26296789709686
10475,6.692455006825771
13757,36.653669639200956
14370,8.243989940412854
445,85.97477047840408
9481,58.30151279676991
6859,79.33578994537386
9933,6.5349439665759235
10449,51.99071340934817
5182,43.91476863167315
8688,96.46085951438297
13235,98.4827405452601
2312,26.96435115217507
7357,74.78779898845272
14019,29.87335062448121
1259,56.682748118055116
15401,53.53483772913504
11695,82.38331180785303
10614,55.3504531327348
395,36.30245913436077
1410,35.54050385515277
5180,39.8660061997907
4019,42.742571770664405
11199,19.158063887389243
5337,52.16740022812591
8195,27.067407534553332
14234,90.27971251414777
7629,56.21626241756962
5853,44.32493497890919
3960,92.17730196854667
13210,55.06936616197948
12987,99.62537972145698
15010,6.996105811536612
7484,16.505104465533716
3477,34.012768794934836
9743,76.20251015015228
3636,80.26568134130292
5538,32.472902873304186
14765,70.08537131606566
767,44.71404386337851
14207,39.038644835614775
257,98.69497598724011
11984,14.312508373976874
12250,48.08138753615041
9411,22.60814295532253
7758,46.46616209289937
4320,91.72659565311777
7094,35.0561089091666
3111,43.49278223919008
15005,60.858105254172635
12647,7.879542804948169
6394,8.669196680150847
4584,72.91105673626215
4538,9.79219521878355
13523,43.5504515858839
2554,20.744259716252788
10567,70.56351556617659
5555,30.986242705559786
12007,2.0443981421918167
523,36.52628794530431
14764,73.58937893142348
4884,84.75325476487512
3000,74.68073216889903
11408,47.62238884671736
8288,1.1624731653479214
6455,19.604479558272246
8866,46.140472914674945
10181,6.607584113383258
10732,98.1309848080883
6645,0.3547180595695698
10492,20.067578072994998
53,19.62917251293561
4462,49.00858688630338
13803,62.48095287048437
3398,43.44161651830151
3915,21.685952171319634
13199,76.9856263707166
13684,89.15957971755525
8502,56.25488288422667
11225,68.60625163846662
546,20.460334196768205
13391,4.157762136192744
14515,84.70884387360657
6567,70.69541076687709
1348,20.35068156722182
1791,60.6379915592548
10523,36.51487128960941
14173,43.499346410506746
11496,3.675112231170785
3403,24.77091977407647
11897,95.93674476924394
7062,22.003509314730827
14155,8.13671311545221
9022,74.80551509388282
9006,80.6851334533044
9173,34.858382197646385
5750,68.58480501816204
13923,87.99414543831385
1318,53.53394143875752
2658,2.8953152067297316
242,94.89051127707417
6806,68.95267893658595
8396,37.72543022046797
14017,56.98055060978692
12287,4.253327743228407
1424,85.9736012613324
13618,59.82534642884132
10773,73.97983582649746
10920,97.27090560079887
277,36.39319402905926
10105,94.63296713940703
9166,12.248843909933239
11035,0.0749600492930158
4126,19.367126769603836
1824,43.58468692109446
15576,13.96449535749138
0,22.731589889116588
10688,83.43594853053135
1176,84.15530910144841
3950,6.361805369418782
12116,44.888036050120995
7542,42.2172684685421
8237,50.795615532456814
14031,16.134275913317165
10518,98.7084610708513
15262,12.102500226593849
3241,26.33578912095085
5970,89.06885117604439
10179,22.62399400748324
272,25.552382241176876
12881,99.82833246681568
14772,8.80004262005607
4669,80.53041947229418
8992,76.84626735963066
9264,48.65114338578182
10975,86.44239663622825
5254,26.71509473663438
14738,83.1049354147451
12051,39.13000839829167
2991,68.6794805517869
1711,92.57975577420862
5445,51.53008864389362
15029,46.1566856110888
14645,11.076750821227899
2941,11.796481409205061
6540,37.98056623483615
194,38.256536751320056
7261,37.81903449528626
10104,57.147099521495605
8061,31.856005820330235
5394,26.376081747041034
5856,38.06925492626894
11912,58.212829349256445
10119,22.759107607060734
14813,32.890714795219125
9846,2.166779823429721
10752,86.1532226487832
3370,94.04015740634748
6032,35.307065749155306
12072,17.681275017361607
9523,57.863137691984534
15152,77.74722659677666
1450,76.35034682868859
11725,34.9392439276332
9292,25.520439370706292
10866,95.13864346162985
11867,63.62427521930055
15446,43.79566357449984
6000,57.3430950764662
6564,94.05439467665218
8465,40.3585576440643
2264,66.5559131137744
2236,60.65971047205289
11850,65.50377767735233
2187,51.57396373754647
9964,49.79964578602557
6515,97.46237084774258
14553,36.844149068557144
8433,21.929849383865797
6209,26.788855189232883
5751,9.707905995453114
5692,29.64002963622051
11259,5.140583078905381
6129,54.39489879612102
15091,17.97174934789333
12165,83.91467994926845
9158,26.638930570634976
2149,96.30973079187855
7269,12.837453966667
14323,36.39355510085406
8017,37.783018144048995
589,10.061085415032844
6703,67.63426598762913
8326,13.24992193584138
14629,27.29350768089307
8182,79.85213542775023
15466,38.64650030493494
4899,83.9955286080843
4243,45.17033217272753
13660,71.26446737357585
8101,5.756000249125092
4361,95.41709299258036
14060,23.25793766284362
1352,90.9777282782557
2330,9.792764981210766
312,98.492853751169
226,85.57821642341717
2588,91.81006488174141
6254,14.298504955454906
8960,50.16613045178679
3426,31.33910524426361
14714,3.8022082338547425
6663,57.37760104378542
10265,16.483744773032726
7586,30.071691131477742
2033,59.543980933820215
14992,69.01208559761926
4368,99.93205638529439
937,28.653699104461396
5439,31.135832027648092
1578,14.96674093790007
10797,47.108612830452415
1546,94.15020637918796
7895,24.84731748996223
73,10.757817260769508
3966,20.83428815434728
8689,93.55340629493173
10015,8.437534843790196
13529,1.848533800813179
834,20.241248511403988
10028,90.61649220928759
11368,79.84847475309242
974,64.34247679074284
5194,62.06467470178001
4073,44.938018629634236
9990,81.9147632087991
8412,59.8550508325341
3145,54.57026457311432
5516,64.58256336648549
1948,74.9005105796311
2285,6.3295562053843675
5924,34.107096294575015
4256,77.38535928294343
13142,15.343751942261619
12794,97.04540917102462
14956,94.34969699624779
15417,0.038531028673394196
3580,88.61692391518687
258,43.94871766468385
656,38.87330517192913
11675,96.23790844540169
13550,40.960222153987644
849,67.35035277721346
5895,32.84181728480801
574,44.64560367502266
12021,83.83659580829962
6641,90.8464012240987
6739,0.06874966697208995
4374,77.43044582156433
412,24.802178314766866
4081,29.556436007264775
1621,30.305057450756966
12503,17.20719526184986
12341,14.635467087545152
2309,94.9048864842692
15012,9.189895852178932
6280,8.303452264665856
13031,29.659807039713026
95,21.34647202791595
8886,56.87062394145618
1892,36.24450762744459
3355,24.68569740605755
6650,5.298929100257044
9286,70.02541657727375
9547,58.07377090474869
10091,32.479194413875604
2338,27.011502584941603
706,78.50678538283474
11228,18.087027626513073
4162,3.1677434505291924
8030,60.35376381445051
6131,28.559809811128854
15193,34.453369960162405
13013,3.2209423399914727
3229,7.829805478059415
5211,18.780795992291132
6103,96.70802305014698
6300,37.018798634629235
12260,99.63354739338097
10791,38.34772607474879
5086,50.19306750069755
6396,89.01963610939181
1175,3.14216591230162
14074,77.71554476717027
1832,35.56492422573893
4457,78.78536195725319
14989,54.77617896613884
9644,34.78854715798576
427,45.04112532506692
12444,5.001769273535284
6846,0.39386958614848755
13137,32.22495979688762
6412,48.13761653992693
14341,43.620416563011545
12243,86.33008566777863
12749,55.00110651327643
10691,27.67730282082913
7974,65.75283664883885
10,1.5102528391237824
6503,38.28025505384962
8072,66.92561231242459
8940,51.37131474771882
5731,97.85445994472917
14292,13.21585580596949
1124,28.26517970787753
6296,3.710808231472673
5356,71.53250977498318
4089,45.25958415610778
2825,14.16960447133675
7332,95.192956726448
13395,38.1979838638355
3323,26.616158581729167
10368,24.27998360178092
2400,57.04629969254849
64,91.05795247430673
1923,19.207374365335184
15284,12.411928745181788
2944,69.04611111343772
4749,38.51862815017779
549,72.82517564873322
7575,31.672868561280655
7032,85.37463075300855
3843,91.03946886903496
8075,50.89480955065751
15171,91.27390009641917
106,66.62882204630539
8772,4.067828996192535
6801,3.1114940693585447
12718,98.66518492931257
1659,76.05515838848099
69,24.934812576540523
13777,69.75434406164054
6074,19.704658542883312
15464,44.36835056116332
5672,78.03467356507625
1952,34.06652586277424
11041,88.57101714433013
15411,84.54098360130791
3093,60.311470668576014
3825,4.395564122162298
2157,44.02746328754866
8641,39.698457011891776
2922,68.95276621291117
7226,31.641915455366345
9072,79.5121980550679
8968,88.34339736365965
6427,47.29590672673012
6879,48.87190180990284
8068,9.043533281798599
11421,66.39097610855418
11076,20.676077193903396
15323,24.27833750000238
678,12.756783902334446
13217,40.1605827925014
13303,98.06008953594993
8371,81.53323536294172
5085,46.13494879214952
8768,95.50440075086381
10291,81.91727042840361
5412,24.767292320645506
2912,71.6586249642155
4624,99.60753468985614
6226,75.93262755196643
7045,0.8099222609227685
13385,56.2971952540333
14848,9.832043524741241
14957,66.76952878731232
7133,5.073998606756625
6967,68.7484500515695
3670,90.95322885680169
11377,65.81801624996032
15435,90.03401463348554
13825,94.9308833796701
3732,68.88087913590955
8108,80.76116599063126
15649,58.730261328815445
2886,85.3047392852414
26,49.94814684122204
3094,70.99340548911047
10897,61.89153916178321
2752,80.28246602617801
5419,18.85946492928611
11560,87.3092726664984
12798,71.36558521728409
13972,29.167913614132434
5879,38.65762137872905
3214,44.99317911120356
4877,89.9219263157748
14464,99.77898807088528
7013,17.33408023120846
12077,59.216223596287364
9406,4.629560567011537
14938,44.07832988678837
6263,37.0301840001199
12425,35.516799374593155
9625,47.808563634439906
9260,66.37536098505569
8664,30.249638244677758
8147,52.27675924406184
13952,90.12432893613305
10133,81.55474139579589
2807,49.41589302624543
10796,75.59267204430591
6199,28.944014283490816
3442,76.19690009592742
14917,39.69071533224119
7452,38.489447337629066
8338,31.71880140058063
9827,91.58629839179923
14930,14.579558111922752
12626,0.9665895298113458
13123,87.48760414360802
1911,96.94827907511672
11592,49.94832548551099
13918,39.83602572376724
3907,90.82811540004987
7905,26.97145562963781
7513,92.33997794324448
11302,20.36036426749567
648,29.56924477751608
915,30.310332788413042
2786,56.42729202305464
335,41.33978361647651
4976,21.847542488591987
9396,47.59524608439375
7064,55.144906120220384
4581,45.28183822006985
1412,33.90483827994365
11540,60.65580310533457
8939,2.4299500643252037
4851,60.36688630305341
9123,97.64255819764459
15224,2.904006864278874
7427,71.75923055817381
9447,50.85708275647346
12084,32.86311637659042
7996,66.59049246128326
1673,67.730230926945
1695,51.048790708643075
12436,83.04486931432984
903,62.53466382103745
12880,94.16439746386936
6977,88.80987157038868
689,13.211060786189199
11412,86.33866564978435
14116,52.840010975999554
8773,99.70287762191501
4672,49.66886099631787
9495,89.98521292912869
9301,7.639049879198357
4002,63.471923147965335
7351,87.1932391411718
2879,29.264474099801806
6569,85.61659544201896
1688,9.790312533126698
15597,73.53592561645559
11227,31.6213694132658
4145,15.923430670488091
9697,1.4511201013248431
8332,17.73463530862137
2212,65.54017225903794
204,27.006765667607258
7286,81.34894694831473
5964,82.67613006228252
2316,0.0011627232398447873
1120,11.382361151042986
3600,32.816117986769754
9200,25.06800874164191
11232,70.17080546883282
6779,66.70496055714804
4634,67.5533917972383
11096,51.08337692481939
3835,74.05482695680546
3179,79.34449932710285
2144,7.243022446767555
7838,77.36839243664116
2091,63.1180710251219
444,70.12675274884728
12739,46.76354644663975
4834,37.47573303145329
14,54.959177682714376
680,68.12961104405043
557,45.86239207421973
7842,50.783789504597685
3853,14.957102114886167
14935,67.43632697993236
962,36.578827340045294
10868,96.58843954461862
1173,32.649185787026916
13237,65.62044321036187
15330,0.6754735855275751
7334,79.41336385943531
14408,88.89592176473232
13546,40.98630729212104
15494,98.48266791879995
7597,61.42861184887626
15300,39.349563538055655
6907,18.445224538516847
9911,73.62989840787691
8230,4.6095704869544285
6293,80.54762126988557
3103,31.74293130768463
7839,39.21012754248512
109,91.88249244673341
230,62.359699733838326
9593,31.734052513509624
2791,15.648304471683494
15304,11.503117259383943
9867,87.46539648880562
3810,44.10780328915599
12487,26.992098383570905
9543,43.50275516645175
7823,40.957161725908705
1606,33.031963773577644
14537,43.00632922827226
2531,37.01800280300527
12515,87.41951837730669
6780,51.43064805468589
867,81.23152555260282
5676,54.420390085143346
708,48.98744226149358
7135,80.99770837809767
4742,1.527026051760938
3616,16.814954933122205
11140,99.99182439266175
6355,96.68815072520937
11571,65.54981800767092
12387,91.39455899990556
15311,21.41574555635356
14049,48.55820206910487
658,7.3970014709972105
9102,57.22903678004299
14869,23.841029341111142
14126,74.06294075141402
15535,28.468732408372876
4754,70.9644341784723
7918,81.01812635549129
5029,30.1491734905187
12751,48.72229642878613
6816,33.50098041259939
10313,37.6451848832316
9344,92.5427623350963
13456,16.879482946803225
2355,36.7345092485276
638,67.26867015321845
2559,77.07932037738769
3424,65.85570480791054
9213,4.7009085360964935
13715,68.63708393109587
2328,58.35488349106425
4905,56.68184239356924
14398,81.92226454630621
4961,91.8258723714691
10606,22.583797184385446
5317,37.33885501030435
681,66.07162269686675
8872,13.232359382017922
6323,71.41004242199138
8626,18.335802267567203
14709,55.78491253831977
8354,19.356623480258527
6419,95.16825860613308
6838,9.21827147348332
9061,66.1371596303976
11210,11.094903626160946
6053,20.325687582838693
12066,10.524781758564473
804,65.43271114164035
6995,92.23834629166423
817,74.51080005575312
12428,50.28537585600908
3593,8.716566867273844
3734,54.205399985698065
10563,8.98951599170138
7810,93.43397647107537
9960,95.03849724548616
14991,98.37522820263652
7852,35.81534598426311
8453,38.537990274648024
9225,64.42417824673126
6410,53.50238875509062
11020,46.81868604112827
3604,87.34509068475985
4661,96.53568537102414
13955,34.616145928617115
10977,80.14467390322683
15195,6.563012825015102
14893,25.381810700327744
2411,68.16677805482763
2167,11.449076674226344
10428,47.64587429203082
7194,83.00157619361225
7147,97.62337219405995
2118,60.92538645612897
4264,51.398530939966236
7802,7.508853942266514
12687,38.647536019950856
4027,63.632731163393295
3595,69.62127797238472
6565,68.36966108385668
8623,60.43545001061753
12621,66.27375028432643
10152,36.591754083372116
14895,43.14497467903797
7751,35.35314776313447
327,12.649534910347594
13964,8.15755885047964
10939,43.95443658540612
13814,11.975537918242773
3521,20.535054833647326
3375,16.982940000327883
14524,13.602847112268124
4838,74.98427899483345
14068,60.77091131439097
10275,43.283831708774045
4194,92.5448085660005
3200,44.85424708326725
1394,62.79067287044604
9353,25.019543200750206
8393,16.808471009862657
954,61.78290378032736
8491,34.97644745160663
14016,97.00167833915727
12743,5.708470223086614
11490,83.4898257314551
7188,18.57747661195821
2450,52.4487203877719
6404,24.606637769491435
8118,63.41513730798933
13325,36.27002393220411
2757,63.092286144402664
4967,29.75964384477451
3690,72.26884307711357
36,97.59087883090315
13477,1.5309936265171853
10953,49.729499933048885
9754,4.668453995290145
8031,53.518029919457234
12787,95.12299145287206
11512,43.18330091445126
15023,53.98694662037889
13223,1.1297132587827385
7336,46.01360750771061
2693,89.22869403640932
14995,87.30192662990429
8287,50.43915445884196
1201,99.91116928135206
179,6.251612793456163
856,46.275098621723856
10424,38.52815630597534
9788,11.743221150429106
12365,16.851087120203424
8986,99.65203824209848
3285,49.51893931379996
15307,19.965997379571533
254,36.27153766866578
13970,22.643687522193478
6486,24.884654957723328
7769,51.35055243899345
13780,5.583334459700751
5881,48.79851323881345
4356,53.944724925012174
14845,29.031556363972612
11436,67.41458508288781
2467,67.04621501553083
14710,4.6468027528228095
2591,32.31391310313315
6549,39.031002419997996
9686,81.96290176794345
8898,31.957858402975436
14532,66.37566733209577
5500,91.6126807545092
11201,39.13030854303937
7671,21.669501784060195
7579,81.01103717309321
9373,9.811308835745026
2303,68.27473215873883
808,92.9364316390458
2428,53.38293305323063
12242,81.64216395507435
15636,6.5206188784253545
4878,52.97712302124516
8223,11.38372064176525
3156,82.67674063525416
2310,82.05522597029521
10763,38.966449189561246
4227,9.483663594088165
2514,67.04916910284399
6376,31.57105179634555
11647,64.37920095246984
7254,36.54771398278679
14480,44.156792882504426
11469,97.69946522415513
467,20.895370465120656
11506,34.61488535899281
13577,3.222500565749542
8815,48.18580586482795
6587,54.63334092907473
4171,67.65590760985316
9811,63.69251028883348
7414,48.97597364700428
3804,56.0863535792811
2577,52.24954337711342
2153,3.2602319943128344
12161,92.39163966958456
3886,24.776784311469168
2911,74.92565777927993
10737,17.358843713624704
1441,32.89748408280011
5082,29.904241142415444
1715,62.92237852307593
1668,46.35101208239573
8924,57.79695171436011
3831,80.7990374860712
14371,40.56307070953943
971,12.491702366129653
2420,71.12718160072355
13131,55.86063848112983
14006,3.629819888121366
5025,60.99901622546302
3609,7.055460448970519
15668,77.23929815352632
2552,2.782508310830334
10157,1.0761792582327456
5967,32.00499494005713
7699,72.97572877999679
10169,52.45914033025918
13262,76.98451724872545
10144,83.5347408045452
3814,40.516646076235574
12667,38.82537920693729
1940,60.80489139526877
14968,13.162945285992667
3056,26.377456978605707
4401,49.63054489816206
1125,54.68789601427165
1733,22.22643436967575
6734,21.00104521803964
13195,86.51591952384705
3716,71.9642899670136
1112,48.16861921034234
6501,57.11783959786061
8399,3.074352191609764
8592,87.49584197349279
785,41.937465174267494
1058,50.541272771033654
4397,54.96254546480013
13726,8.746607440594856
8305,59.251820879678775
186,12.00715955622692
10793,0.3375036620417715
41,5.372663524986621
4275,11.285952406612122
7759,17.046007025255506
8131,71.21038142579775
8887,14.169119809722485
592,35.508037977128495
12416,4.673052683239631
12432,25.130516389108315
569,45.763513526625424
14320,69.32634520084659
2109,13.607367694201479
5491,40.091600381662815
4776,66.03230250666749
3361,45.428922204804564
12843,66.38273035176067
991,30.39379698471062
7368,97.4704928634773
12353,86.54459963469472
9257,51.271121832327836
176,56.080127003638495
1260,86.41744393447324
3268,99.4932132731767
6559,87.94422208337434
15430,73.06022431041966
8965,85.54270545772657
7270,22.1090986560186
3219,64.54202694953966
15056,5.251554462930819
11163,27.967903873603362
9245,36.435248323891756
7828,98.47811246873506
15624,14.462043285619908
12771,7.000218402753466
13552,66.31333729423238
6929,21.065354613693398
14514,74.02009801543005
5669,75.0577656513623
14293,56.721521835005994
14829,3.458255093915219
4173,46.47834168956359
10934,74.15757134082111
6162,51.27922982597936
12505,38.925232265161554
4544,40.86642222613634
12731,76.55216952378683
14307,85.34654793887873
15002,67.41889409960369
978,55.978096403168145
1825,60.5024250181876
9320,93.31181474100018
3343,42.49427420463346
14053,83.12621441625673
9854,63.66530566413535
94,79.20104911924848
7080,48.0475107764359
6285,68.78398859482344
11297,14.804777080611398
4334,1.492305045476361
1230,12.584849059602277
692,17.129205964186987
3226,42.339268483673095
4962,77.83315056115231
15212,83.17733913136938
1447,7.474262399476861
669,77.49995512282935
4707,2.451119799660584
13355,24.207793306866886
5143,91.29440888242777
3834,96.08093004153906
5658,81.98071938687939
14499,79.86670096342972
8825,66.60349492585567
1013,25.14549187619034
10814,16.496369112317776
477,82.65445441514797
14832,58.213898026133826
12320,25.49236179869323
4567,8.824492553693986
9116,60.051817842071486
7478,35.21191859670464
9766,29.563224274840028
6689,12.340462683660947
11987,60.21880972103193
5624,27.033933662968945
9651,28.707577928864115
9282,61.908493162294306
8848,80.50737810611032
5014,48.53464148858809
3623,96.89666909580534
79,48.71724656369124
1017,64.20751123909815
134,18.193504520397084
12146,0.31151217572138457
1404,76.7912064131315
6015,95.63098059785605
12108,31.01640965714545
6138,1.9744954816325988
10294,35.01777983619962
1879,23.461930305162525
12099,47.38852059923986
10374,90.94390965692511
11176,75.15774835262403
14850,71.01262198747902
11344,40.85143569798673
11051,51.940832803882586
15379,29.54261825335921
2994,10.654654523912077
7614,13.043313110131106
1237,0.24401548166137488
8549,95.9721932849563
5578,88.11516034952143
14330,37.0101292501799
11088,63.35894801378924
6425,43.81196742769282
968,33.32840624303742
9737,12.966300684356291
9858,53.58595656209737
13572,80.56548862240696
7883,79.44461046731729
10206,49.99886396371669
14715,5.793292433619024
13971,91.01388152058605
1317,76.99663901105116
2734,86.5548491947109
8868,98.47908864005865
12931,40.829928009249706
9337,10.061562670044244
5237,37.274099125095105
2368,29.77584351460757
10238,6.015799191889892
13592,37.9491091387702
8829,58.2663607757482
7762,41.06268799388213
5209,84.77366721984473
10992,75.6663515418242
7029,2.9501294622655827
2787,77.18681869861388
6938,95.76624951695113
10817,6.7463963780373675
5685,54.7849303312115
5278,61.077545517881816
13360,62.373212859564745
8697,21.932079609629294
14843,18.767883976591925
14653,23.21400865614045
10299,27.06276330648887
12011,92.3972177518582
3693,67.86239067544132
1494,48.04819596269033
4882,82.2262521201788
6012,55.01641304730075
14061,20.848474239683156
5577,39.249593573389966
8543,38.43508044640571
11932,40.88274708467468
15120,38.14219299453379
1137,60.41956317273801
12031,91.23152115717802
6018,5.783323871775825
7886,61.5975380248322
1291,38.4164158100351
10822,87.52108234613809
4912,9.927208193216197
314,40.08108390771075
4768,85.00421470705007
11660,45.838448977998894
2957,3.6856453302762993
9732,8.503188751850377
12690,20.318607156517622
15499,57.86769660535372
7313,0.055486659014702955
5498,76.69078631533287
90,74.77069101199257
11514,23.6310908475581
2773,77.22970008367487
5301,61.252986724211276
4499,29.16043150598999
9261,17.617217150944718
3813,85.22222419494422
10215,15.473522912914095
7403,80.41581306335671
3240,6.701297980660737
4156,76.6308467368603
11907,28.36079396601402
11537,66.11185294357233
1943,15.219848520871038
15491,76.43124279499777
5117,52.57269142436074
11389,43.79843180305166
11048,94.42175426329476
13173,63.056148530635326
11568,43.321585290901474
14527,59.39701927871961
2311,64.28347343083914
1753,49.11113025771362
411,23.892455954642323
14883,69.56008775736046
13533,4.085983446171671
8392,30.6750251592108
5018,98.08456228263168
2837,61.00995236517851
11504,74.58609725876208
12590,85.27541956450172
12614,11.953316551456494
11769,73.43060371331491
1015,55.17281317528801
7988,99.87923101102159
3020,71.47517936583537
15693,64.81850229636471
10808,73.90856876325024
4331,93.3190557587932
5791,81.87475998008112
11640,93.92016653360504
12386,62.16080772264164
4436,36.573564780291356
7036,91.99136481219077
436,2.2907545349167835
3565,76.61914269723968
270,41.59454884130337
5572,79.00835240232868
617,21.78882476902586
15403,82.89757932199046
5981,67.68762205198993
4274,95.83180239309557
12319,86.87518122712453
7156,20.448546096081188
6097,70.21940043742815
1573,56.337151265793665
11583,48.26790618771637
13848,87.61983513990242
3539,51.61474573172959
12827,23.007773349966765
9553,38.038806815552014
14567,8.67831518067863
15436,21.896451420717256
6867,58.51872296307956
1542,59.441519110226025
9105,99.32057478290234
2690,52.5872032192452
10626,76.50405109462193
12937,66.85616295648877
14180,81.83112464559782
2246,1.9567900219795376
9335,5.164835940712498
11042,7.236934245915439
9555,3.860539020501097
8095,30.25507468737434
15191,24.06946674492767
4068,32.78600716301978
13786,48.5931430991535
6759,38.96500212038273
753,87.70348518160131
8239,84.33708271645736
11664,77.26278214701105
3078,27.49666552097648
2640,61.802212421512806
6575,70.89348721564413
6013,32.98768293956924
14649,69.57361181284402
1604,7.028817069925363
13163,11.209106127563517
12752,84.52389969528227
15276,62.28209243912175
15000,64.18282887035572
2473,99.50419042516825
182,3.090141183601236
9460,70.50241019525694
1658,43.07653212298847
8341,14.919847151602939
9818,22.83782977823966
8757,45.99749242542427
7935,69.201387775165
12802,59.04750121580749
2661,16.771442206156106
2758,92.48785945784081
10968,18.469014953719977
14959,98.64481389271197
2351,15.804247392738535
4179,28.238903488008948
11157,79.90527426381051
12446,3.589230869433957
12697,10.399360732130546
14557,35.210230595677906
6406,49.25805444753216
8187,72.80252259912638
1491,36.269479584866936
13647,65.93676489523969
13352,71.80067680085898
653,17.957373825657854
7854,22.818070847734116
14075,42.73355278664328
12896,38.00547643039551
8650,53.41339102124222
9634,85.38126339024996
11845,25.42880510109328
12439,65.96076771891505
5400,73.32947008208595
6474,16.786119575121784
8732,7.831339960652006
1822,10.058960611835065
3303,47.05664847705623
14580,19.42148879480343
11371,84.40223662887382
12773,92.48549270410518
13671,13.267005776688856
11766,16.47525547432689
4667,41.281176341639615
12240,79.30103169754328
12121,30.58701368770841
12926,7.390512575235664
15358,10.303791711931732
9894,6.65103878996468
824,1.4573544418671314
3407,47.482454085757354
5,51.79380260620293
2939,29.681960058657285
15481,6.19429717891995
3121,1.5063507773534601
5359,35.888730848061535
13532,42.19596021280346
5836,76.48621395503399
1524,58.44530308202417
8661,8.790382434587796
13340,76.24258853351397
12302,78.9265857841307
11397,99.16651996380837
2512,12.793422505712272
13624,12.469575868856165
13724,64.3778849520124
5745,65.8380656458108
1109,41.600641226956
8767,24.053084119988423
12477,27.558178109187526
6257,31.172752985003182
14503,87.47978945061902
15211,66.6621317501125
544,58.140544169901176
264,9.272733017729973
13057,3.4513736657088123
9092,0.4199341648520538
10982,90.17514233717479
14500,69.3593283411616
8840,84.0948086689893
4862,73.50468664399867
12944,92.34556967775804
13818,59.27065676380773
9988,55.836566092503915
14375,86.96221385757366
9176,23.927215404076986
13557,63.59601155834935
2953,19.472275185872178
8784,23.279041653353218
2253,81.56997470657794
4696,88.49198914282263
13329,41.3451296001959
14222,56.70115198873668
12569,15.537275893377277
5858,43.42500068086307
6452,93.50492079047692
3015,4.075622885221552
4775,23.787792319763625
1315,14.112213310993027
3232,38.734980105158954
2327,95.35292296807972
9465,6.528206657419999
487,78.71250437734439
5763,8.824172580489975
1106,85.42778261042734
11461,66.84454071304322
4446,39.956494954238465
12002,16.42326556237077
2663,10.273297487913279
13686,13.591713545563733
13428,43.428429743305145
5312,72.72636165302173
9567,68.01663833134235
1653,60.32236672600847
2018,19.635312046971087
10253,47.060481835245795
2034,87.17854071202741
10511,46.04809956879304
14884,9.94480738773823
5698,35.87292276238975
5749,33.81211480294651
8231,17.768669575468888
8128,57.75374453453803
3372,14.395247075119622
5129,4.408790320807965
8214,22.49707329971171
11618,11.14436400865455
4016,82.95190783005467
10517,94.6791528124286
7956,9.993352078749973
3576,47.63000944163815
14809,69.24766646029624
1422,53.17854768262036
6760,51.15333384157987
12615,74.09610738919568
14611,93.44587569222188
4684,3.358995176937918
4385,44.221276820313626
470,88.47666316253692
8855,18.474334124590342
9608,84.36284059086402
5128,37.170594268889715
9548,2.0025972295326655
10775,76.9287882116338
7096,48.14943596828788
1269,82.32878181429982
2969,4.090285604770694
506,19.718893802603297
10600,92.71099065340566
33,3.4919625048726255
3021,81.5826683225635
7843,69.89030581992914
10625,86.57423516102432
3491,70.08588429614491
11362,0.3919900621078276
11721,80.8396151360623
10852,59.38383838953673
12979,29.92914395247004
4271,90.75633132737315
10018,92.14375932250502
5927,83.32607859931925
7020,41.25988232990076
3714,70.85516492281165
11260,65.19451446061144
5926,21.05808514722779
14854,60.41263009278186
5671,2.447822140839462
6602,82.46719061094481
13705,82.61896551795816
6891,7.164805005908836
8573,36.719089229611534
14331,15.647640159131647
4204,3.4838907589081036
1756,37.56262547166082
6054,6.407217689475586
12796,60.40432574996365
6660,7.03016411149081
3462,85.10040005318827
1972,36.905860573775264
5151,40.5895832788147
8745,13.309592773254586
11573,2.4084408470832375
3456,39.65263221896882
12577,2.024033955572202
12996,71.47741968641836
450,6.693173597951418
2050,45.485844260669985
13202,3.4507721168365757
9371,36.5629387290358
14154,34.62209070972839
15016,67.77591878518837
5436,26.804924707204314
2709,93.79813191156565
3676,9.701072410697853
5511,34.643837092955046
14430,33.37799760868757
15553,14.705389401345014
6476,77.39555730758232
7376,27.579514169444952
3182,60.6972289157627
13387,22.97251621003116
2680,98.56443727905179
9380,16.46759539308936
5965,72.72197831012305
8814,3.181706613933677
6228,80.35673550174047
3592,18.476085841757918
1818,18.605863481399076
8834,67.83808822362354
5453,90.11393543264943
7146,54.78787967350641
12955,38.33699256248342
4686,14.059044641195584
11579,68.33101532432971
1030,56.07126002068895
8671,52.56312230728607
5655,36.4988859739524
8777,17.360414733374174
9659,79.07209200206232
7689,80.81627999654718
11813,56.00379644062612
5815,66.39413365661721
5333,33.00177695545181
13431,32.37947488685001
10309,56.63079477925028
10759,74.40638615257849
7109,3.7166600810847217
12227,66.29212956556586
13982,39.973256122635114
66,33.85532857069064
10135,69.7046443883768
12017,44.0042921966166
727,31.520144619103085
12198,24.069527614332642
3036,3.825009932254664
12098,25.404060311988907
7221,46.47164595906397
10063,85.00947620991789
2240,99.57768890640882
12334,59.50146520969044
9512,64.98911432965696
6094,86.98168172862435
10233,99.69331128328177
1807,53.01620169222333
9202,18.88517434578588
3346,42.94530072597874
13157,51.14888770412433
12045,17.2378521589733
2529,73.15588423990921
5020,46.20436441278455
15565,38.963529450003605
15585,2.629465521737717
4746,5.584920906300317
11853,46.22018892182823
6863,22.58109259836213
10551,61.58533261575888
6670,87.74680199019488
5646,16.86204767820706
608,70.96263972450537
13430,71.8303952966418
4924,23.650621658959782
5786,97.33767694607717
4360,5.730374424841322
10077,48.90413712255418
7817,33.422704962678594
7337,45.55769541667474
12174,97.0425756259453
4102,10.469008841379246
5024,30.380972646158078
8548,93.50165224757264
2056,6.7791621488476945
934,7.4086653255301504
10110,88.18703632544587
3816,12.015422154962184
11541,69.99870453808528
1959,96.34358678677444
5090,28.22128557332605
7674,0.9145600924206687
13652,95.39708171989572
13765,74.08950984309554
9079,34.978765909501284
12197,29.24100348124791
6743,6.888331034127293
1663,48.590588855384034
6443,44.93451205099929
4340,48.18915035314632
6096,3.8264866542169984
12086,92.45917798824233
1575,39.346889829925345
11666,6.045094436174225
14744,31.45534640682166
1193,14.93806087588837
3283,59.76287158084137
800,96.65643787968354
9142,7.802806511432081
14395,35.63762543211669
2045,16.0705657232334
13756,35.01873414400013
8219,70.14985548698019
13504,85.81180517773615
10301,42.12753892570241
6345,72.21605782511237
5276,0.4719699078521544
7342,50.03108401277375
9356,16.602544048753042
8181,2.1381250727892542
244,81.65113689488985
11667,28.89862632409057
6856,52.598829482844366
13229,8.954316712038157
14743,0.6523312924691882
12136,26.57570540321881
15537,99.96206814874532
15724,89.15809584696302
11115,32.531627106321935
8639,97.6564000793719
6828,79.9091248482881
2851,94.59365780851084
11383,80.51456639834049
14107,25.51910361493521
6758,15.781336760000219
13287,46.93703637220352
2635,70.70681601269959
14912,33.69945115776286
1427,92.09263191460806
9793,20.832330419681945
6548,7.880756700828306
9400,64.00011794964034
8989,82.85203510983489
3163,95.24256738691179
7858,17.639129786619122
14033,62.89873005200594
2648,80.3110305365871
9132,81.00469648753446
714,68.95724488721989
11784,4.297294416299846
13474,9.551729383914964
14770,29.85124594623865
2254,17.753164715108383
9884,52.33248776952013
7625,76.1147737390594
6609,41.86051239970148
10725,28.296189601127974
4824,6.271116469740223
1261,84.56369938540205
12149,34.92722424036765
7912,83.77992593363372
13417,70.28113891578032
2683,6.87616681032096
12304,3.3000391157874676
1581,79.16039146173999
7903,79.64947351838308
6924,34.09790311735108
6289,54.091535092121745
8271,50.63388468248198
4404,73.17809270290422
3927,88.82335112727657
7472,82.07313367169
4316,69.7954831559773
5589,80.96284789066607
2087,89.01337181869394
584,62.08344638981846
12327,4.745874103231051
6837,59.064693338153916
8011,21.34468489683945
12815,33.073585503589385
12212,16.917310521777264
3707,67.7900731539885
6970,2.0519112505223536
12294,72.82294384037041
7837,62.56897593017211
9323,7.003391226846811
12868,28.376697636028947
9055,4.1566046372653815
15702,8.647958240248265
10842,68.86013028000023
15428,82.35558346661797
11058,44.76631504074714
11641,24.849541897624626
3865,47.90814568206595
10499,5.452605454851223
7587,94.32599405571793
13111,5.377462441941871
3844,20.13759458771184
4004,5.445546160736092
13239,85.46720036931976
9796,27.01935533769555
15177,18.18288143607244
15420,93.93906028115453
4752,50.49242772356068
11470,9.578943308389453
6865,34.62800680398226
10554,81.16947114354464
8087,78.46953058036587
9575,46.70159224340264
15118,18.46194009557238
2347,72.48002036524521
7043,51.11815503116338
11734,63.46851318765041
3165,18.95360360568764
5618,42.35111386155944
15645,87.49300499212623
15592,72.98980799040292
12091,89.52178117995443
14340,8.803318198205012
5783,32.57560499863719
14727,18.231939957511713
12421,48.001776955662976
7125,30.059147711685284
2139,84.77667257082075
15550,30.382490383044637
5565,53.33711803951308
1683,13.327561069115056
8995,65.06833141958384
7068,40.79470518257231
12124,65.88942583578009
13045,57.7835956053265
9053,99.53280429679594
3819,95.37680438407173
8368,64.21651413827595
2425,67.48095646305765
14258,66.4508752214569
2133,4.459095680333003
5739,90.5925434280279
9175,79.586331044396
6786,70.69039174979423
4739,69.63074759070868
11685,60.003282419108295
10632,41.75667047954753
14778,45.74864206462933
11017,25.528626208400162
526,50.15719670628147
3085,85.97879201001953
10989,62.23955456952292
672,24.41947932279981
7329,53.56984054400484
7234,88.41423660431639
757,77.76840628698007
13214,57.49057519439613
7983,62.87363300132753
8926,3.6798839662841254
7588,86.3397244833769
5864,50.00406828792029
2870,35.753694465038585
3492,60.301757297962524
12760,15.038729980876543
6134,32.842541526237376
1916,67.00799231740679
9949,52.5316087075298
8564,68.99969545451248
7556,57.40943160451931
74,92.70606312229972
5392,16.142438199220553
5717,49.0270988608805
5869,95.89245827506974
2426,67.09117429509752
9958,16.210789525394777
1094,76.02410253178033
3979,50.0896617416039
13065,20.510383107781728
8342,27.829981045983164
12123,54.75224251030444
1568,86.3332113404417
304,47.009996401770906
4887,13.251559772349674
865,99.08332535193992
8343,32.81620824710034
4762,56.794740420735366
7042,20.288650660474104
7752,75.27402732931422
2284,25.15683136578285
6364,82.46895509641871
2583,36.477760770951065
1236,67.06852370707273
495,67.09421040546101
12582,99.8512807621102
3230,41.09682149662846
7386,95.68027674307854
10103,24.04562343451502
12894,39.02124775985081
4435,70.1432762619003
8917,38.97554926694556
15698,95.44745779134755
796,22.947251978417395
4813,82.77939239810658
4699,81.8780070409533
10013,38.7288679295629
4408,42.97946511039436
5424,56.485168504173444
2567,54.494432826456965
4674,85.22603531857715
7741,6.227795494662736
5206,48.301027896390615
2406,73.15715167633194
14489,35.9505194610721
4811,15.31937884138258
4283,5.408859752939765
1865,4.388972520922907
7281,57.016302089981984
4213,75.5931256428694
13327,4.320960135734097
13134,60.179787322845044
3683,86.00454527025336
4618,68.89310520895292
7475,61.418681260166494
11308,70.10169718212876
4234,46.04817854078625
12409,28.60136142035551
6901,41.96021973084411
3768,16.494971695381754
4652,99.81581517546377
11569,24.04452749262731
11529,59.96193470212725
9783,25.398789643907094
6344,89.5891496485628
11731,49.15021306659665
10746,17.554522513394176
8956,81.06879411399
8022,92.78516360673514
2023,9.27763906516934
6279,69.63828856571642
3150,43.20885760462338
3654,18.532614618284647
10488,8.505989176540552
3455,55.57609020427461
4617,2.937693179004397
7862,88.3069830892132
209,21.54017166977176
13038,42.255314192894545
6132,66.91199466440483
4647,19.423526982655304
695,34.31967804860368
15225,56.46315107453025
1063,2.1411507388776396
1950,1.385627132039302
9502,12.000626696936223
969,62.711334745430726
1089,48.057118006678564
6274,3.5154504085846416
3120,42.723033968007876
8914,95.34339358224724
11570,28.703066754515095
7593,86.13873057023544
1979,74.60790965189693
14354,12.161305477996686
13473,3.2786435166526684
6902,80.83409025270146
7734,50.0290128501682
6330,41.45480942759355
7214,2.759599505220589
4483,59.316840132878355
8630,30.026168563815638
6968,96.2807901478922
9776,87.30882573233568
11678,62.48747591148067
14226,15.242411024620617
5411,14.456059504901509
4931,98.79326439251454
360,58.21930544835004
12508,97.76208140295007
5358,16.10079029791359
1268,72.77508654096998
7076,90.77409668534776
6429,78.07635237449377
3720,1.1371780066824044
6268,36.160092198832174
5851,51.96073158219306
9822,70.27200528726962
14733,91.77987234660957
9309,52.283712869382896
11905,90.21774940143979
13531,19.357436858102904
387,67.9178981396386
7747,5.674161186662962
9190,46.45460274105947
7356,30.846546647790486
7378,4.381935896759925
4529,98.34333805777908
10875,73.90748590944888
624,57.200182026228674
11948,54.88562886224443
14936,45.3458831748224
8424,31.877120506491185
7538,49.7638206746883
2774,20.254778531828787
3051,90.78782888294025
88,11.164859256689642
12127,72.07083158364806
8452,47.192551122550356
5660,76.33563088820415
288,15.746344816516988
3515,80.87400425355146
5329,32.259071186666745
3306,80.4360254896573
2960,6.504859021223163
15387,55.513331271171374
14286,21.3186701985995
14171,56.82723561201561
9071,39.01493049356647
67,9.978584404120461
9915,43.04411343914237
11658,83.46299094249413
6628,91.04382140909753
10378,16.966417640830223
7884,75.3895202014407
7259,96.55609222734019
5372,57.60239714721389
12819,63.22109100480952
5571,44.36673983639914
6159,90.14630746973292
7715,95.01943069219502
12029,18.93085494327005
11441,1.458331557838577
8039,81.4970828777512
11063,1.443618441508543
14675,81.4884692251723
4818,71.65543362868402
7249,44.421868142350554
11294,37.24698226206199
2571,45.239417723663735
9372,12.544372000377724
12864,84.20190626673822
1541,5.576531183322886
12461,99.59088241406057
1182,63.002049084515676
11832,27.099260648400826
1311,24.673665688626635
7721,63.091186858357915
690,16.955117926412598
4433,32.612432992584836
7907,21.716268431127773
3147,93.3663172036474
8120,61.1741966605888
14676,24.262978835338743
2756,75.07018262972335
340,6.203398510637159
13606,35.05236662558793
10408,26.565528376694957
14477,0.13466334452931772
8737,75.57503161315896
11634,15.976850247453456
9940,39.257009394792334
12474,19.800428238458913
1922,59.39363677480323
6713,61.017810531355586
885,58.25235857058786
3487,76.0027941230187
14874,96.45086472471426
4389,19.089834877554967
10039,18.548330559014136
5250,45.92888402533466
7696,57.32140641897377
6639,83.6193381742899
1731,71.83760616271763
13827,7.535783228152493
1908,39.810771842724144
1953,65.582966737651
5664,32.96824155593172
12358,72.30813520633211
10846,1.8146264857935357
10707,53.2326131803142
11691,43.298792591562794
7005,42.10476885880509
12649,72.06296629071407
12825,35.72629937027521
11688,25.43853217279097
15069,81.13647534993771
6819,42.207782836190944
4509,47.77078454592555
956,19.400790361595487
9184,51.49630302459142
6367,60.52804568552021
12603,75.62822114176463
8437,23.56948661206253
10818,86.4481993523486
7639,20.595832449096196
10400,35.14689349837082
13236,50.96109569240704
6617,69.7007340775583
7824,38.3162774258675
1592,65.87909238093096
9673,5.664576389215448
14940,47.6105379727111
2035,59.05054744791903
4219,74.36855468723722
14698,93.34898478315239
13480,24.43114194053849
481,9.770957319539663
9185,18.043455072850456
9628,82.39125188800016
2442,94.22855362392234
10351,33.28216313622722
2536,99.81926595718717
13369,35.9683887659415
644,77.1994770773858
4313,70.02990327915302
3449,33.82510026849338
9614,85.24416455539111
1800,60.75277443974624
14003,55.920656965733414
11346,55.76953242621531
13778,65.86315724096002
15059,61.60052767833274
6278,53.665213496425466
10367,86.79922711346012
13050,13.71989667059912
4203,46.652195817309064
15259,39.335382566035925
8086,9.253982291317865
10558,42.609539866934234
9273,43.61377753861518
6495,53.27648934946056
3697,26.49740708803052
7693,98.69952626798523
4558,63.68079181970082
3348,4.836053615964153
13254,66.39840842615425
5969,99.06946624162748
12,6.376925433145331
5537,1.3543892628277487
1850,40.06233787154626
13319,51.41647759412721
8436,39.90854483237529
10072,64.10169092754684
8738,20.273338422666065
536,60.708204222107454
7437,70.81550709171
2772,81.52061246665163
2146,28.54206106495364
1798,94.35542663109709
13545,12.905364903108552
14227,24.499934981669213
7668,0.4454069337091915
206,24.122915055520632
131,8.776534087534404
2282,88.19229575083622
9376,85.93468804262837
14663,50.19959162647605
4540,58.512912002040416
5738,82.32148632955384
9283,25.62180279825277
5855,33.22918372543047
6223,80.70160099693915
7290,92.91021245862483
997,79.47429625176353
12082,99.28001699290326
11170,67.48810149374044
5035,31.74525807302071
429,70.33892089219394
7066,72.19472771951992
7589,80.16986104148631
1475,36.85150189372198
9522,17.716496768919644
5397,70.04267948198107
9217,35.3623513219952
8756,65.73486674502583
7184,48.495061699809725
6089,53.271352769252644
6221,50.846725863767126
7122,13.332174718499445
9015,99.89194185588643
3287,44.18267447019406
12533,30.10121271855173
7432,18.863529491508935
846,73.70494572965623
763,23.464917414158283
8663,48.22334436322138
1127,27.64168054423928
3906,37.50336957718283
4277,82.61534641033109
12670,3.9112937091878908
5126,68.01289407617122
9408,55.813617285800085
3946,11.724857243392306
11133,86.9533613661279
2902,38.83416373475226
4876,32.926997632655485
13274,67.50122536536566
5169,54.337695852040625
331,92.934722910429
316,38.21529095203673
1617,55.32765993037789
14841,7.8453655886751905
10830,12.233837899439537
5823,69.14630457133477
13626,93.3108002613013
1775,33.41264515146126
6545,74.08312075824551
10436,66.96493261094419
9849,38.30804160120563
535,35.589294129966895
530,41.430703435314456
630,59.94972801879267
13472,27.83831075608746
11662,16.123195400041514
14631,17.674995899600876
1339,32.866409422436796
1685,26.118759261976386
7774,73.12026517660637
8040,4.5208895039769885
11100,0.7297927281583405
14985,13.150212846799336
5972,73.73133417155219
8987,46.71070135315547
3772,53.24532690909077
3977,3.4719392511159852
349,19.103325971273545
9038,20.190004013118624
14777,93.27133980169002
7444,73.81693368294734
15048,45.10375350784367
2334,13.377441810518832
2496,92.4421096966457
6631,48.70326601487176
2048,11.971050984282716
3009,38.61002606008401
3548,8.746449744212804
10877,3.0056795804273784
12596,53.108887943497884
5418,78.44840277107781
9192,84.32529527229143
1989,42.848068229450085
868,53.1669972544051
2155,98.43182563871173
7558,40.28799549928805
1054,73.01710615065451
2927,31.95128769742619
6511,17.169852541827368
13448,64.57247997162246
4723,25.424599377082867
1910,60.83950090952565
2597,84.74280645337758
5079,14.880292683754725
2507,6.531653556964711
10384,39.81151102073943
3759,23.228511552883514
9415,78.12734075893106
5691,84.15993796140444
7781,0.2341334581363097
3871,81.47188232863279
15246,1.5958073652156402
9253,48.496184017874754
1680,71.03763115971606
2124,32.998792851259594
6208,8.263406794925487
15022,39.67230642491983
14655,78.27402844278134
3149,59.63685666067353
241,24.241411482468756
11160,45.198462915980244
2088,74.76871116362666
14079,51.50527250962048
2413,75.43216500419098
12190,33.84945561204225
6944,3.195470308479176
3620,50.47050681369103
11977,21.537730965341705
7829,15.427160552983887
7405,33.54187569647296
3090,41.06881229141391
13968,89.11572093533113
1654,63.564903329790745
1143,13.603670639959976
3509,84.8779658693063
1638,67.36117171773094
7402,39.32808224800471
8845,4.941330325968806
7822,74.98755414047407
6826,86.46694156911195
826,89.53426294683186
14876,16.593533458867938
8708,35.3577129575003
13160,51.498503030168216
13586,44.15250500801181
8597,29.97844109211313
3715,2.4809407171999753
1781,59.87937153801379
5137,10.735335949851466
5261,25.424062442669438
15539,73.81240912299543
8482,52.322178945439916
12962,19.179046277370617
1040,43.04170466875591
10287,23.05786206734104
15505,58.43615357387259
15105,25.8436656272803
12740,7.02217508016072
7583,61.49200437201857
10476,83.19359760829929
11087,75.49858950121327
2421,47.89982241819922
9191,7.91224939702696
10279,33.80769301630955
8391,22.34090886841088
14012,27.535757872430622
11751,21.96777404208148
3970,11.077148652917012
5125,63.923823233604224
5553,27.776192153842892
1398,79.11563756339821
5173,97.24247659781707
6606,40.954767839683456
13706,80.69354632205958
8050,74.49428052561427
5843,1.4121683705440202
9669,26.188996179199165
8528,12.281306921552194
9490,23.960769403983296
922,94.48690145237937
10964,80.9113587436354
2589,45.38839259717998
11015,19.640922439151677
12281,52.99114557068682
9065,50.269620113696035
8473,46.34712622518473
110,92.81363468501233
13886,47.51850423403321
6878,43.23317798516829
9305,36.298512906808675
697,58.65594171495109
246,76.42325726568788
5352,87.17482481813626
5715,18.54794044824325
10766,93.4541333051866
3628,0.5211730215974875
7653,54.935442159888346
7831,2.733006506989133
1042,62.60399352994369
15033,91.5436825850483
6424,77.31628172783238
7453,55.2346079335411
3736,59.66220267053096
5666,3.4751177821321755
3932,34.89916703783346
12395,49.51316438125682
7186,55.30254706561085
5429,83.83450071033056
13272,62.3125266574841
3638,58.209410027576666
14749,84.22648020381679
7612,86.51125701305644
3171,59.899680098360406
2237,14.988477780437638
1776,13.56832487698193
13796,42.11077924595771
11909,9.5153750939306
3440,2.2859515142376052
9969,88.03444246398757
9997,57.018108204244236
9657,51.92140664154002
6833,27.264480099863487
3227,32.72355342314701
5959,87.74969288679337
12998,3.3437783047017944
1093,87.51499679872876
6514,9.841353543803166
2719,63.33445948609663
12776,6.731579063876547
428,7.922396028520284
1009,28.031678007446104
2169,42.439608191620714
13644,47.794320201972425
3122,79.96270028696314
13767,18.435917683605574
12642,69.42899996082012
9130,87.0415302997748
9944,80.49015526135581
2287,39.35039929939194
4255,9.487405800945714
10277,39.016649512834356
15001,5.71481469690891
8026,21.644946750260385
9948,19.472066551768396
3186,68.17159015414393
700,92.408955579594
3913,26.543652296057495
6782,26.90733356610524
2335,64.11439139728785
636,6.441419736267074
15252,87.67714649321141
2829,73.28675744204558
233,9.851914571060105
739,26.206001677703526
12595,85.53002086794493
6704,90.67029382647533
11489,92.6695009278941
5000,98.67030517767562
9902,65.17127839379413
8707,44.663238539074534
744,45.32981094875096
11846,86.54018804913717
5036,15.794830332252197
13811,49.62154504247448
1504,46.122937078301085
10823,57.919783042023454
15587,18.499546454220116
2261,76.59917972189075
11597,68.42708261444965
14504,97.61308093671431
14465,52.92492119953627
12310,95.28532034909463
14165,91.41705525736712
4470,44.428659151011786
14248,7.152296816530789
14431,52.85073789089994
5446,61.84135831370469
2008,0.54934642567952
6558,94.99819324884427
6717,71.3744841343474
2119,57.15557570368903
8235,44.65380314156767
15512,52.38152663285409
14216,19.167994569761724
6889,78.2628310018999
10980,10.22048283564133
3952,32.21175030552167
6526,56.33329003443501
6952,14.283080787667812
8943,59.07003638195746
1485,68.977787191573
10611,45.767134832613266
15121,55.94475064229327
13161,77.3342490530474
501,45.45442101870646
5540,28.47472541636199
5255,7.9426789045326185
2323,14.497349214308608
1220,6.213185144525168
6656,47.49089642678128
12560,11.56450454343273
11358,74.34604541398836
10510,24.223097919167557
8004,79.36124623866469
6374,28.995614688754646
4338,40.585185802797895
6873,68.86189027668334
4664,5.428000710275582
8820,10.979804069083931
11010,4.918436595400488
13987,4.610262734560933
6098,81.15116616987842
10087,84.03848325574705
1956,5.075948021428401
581,20.261481200231625
5570,57.873744874774125
10331,74.22164383978195
7714,96.67293686209175
14691,49.047775494173415
6850,11.53579926572207
9582,90.83024329233473
5762,0.14815466809624533
9250,67.1408443636502
571,35.595292292302375
3405,99.10796990459723
1705,80.10265470311583
13114,84.8990594131816
9824,2.8634599933685
6009,98.06123258681015
5697,55.010190401408664
4376,92.95213357393145
7982,50.8124703264927
2900,31.56128485822869
982,66.21327739041897
2618,96.47626412973867
12525,13.129059066575454
7295,40.52242012413919
2827,84.96758690538034
3959,74.48034519169548
2788,7.234224774732367
2322,88.60018475455973
344,24.29400087186856
2546,21.786905105156674
9674,16.77057100912469
7761,6.869388933074649
9230,3.5405639163740843
11686,98.71464788162484
5184,4.872151237916689
15570,95.61112865830182
12078,48.62503780928681
12655,89.79847420375098
14671,97.83434384757234
6251,4.749698303679139
10950,82.19672391705707
760,80.20880372328588
2861,20.19401706607701
5338,61.63047540918492
9844,56.98774906689329
10888,46.660107920118755
11315,12.756393394749965
7390,77.72279275402136
2632,18.41163228005903
11656,14.394685763620974
2548,84.14542182031049
478,64.05491890334505
2704,14.86705367078357
3529,75.07044937554662
14392,88.06061641623181
14224,57.5618286092229
14094,44.059267608570565
15008,15.963944761542425
14138,79.51614565967444
8415,53.7227051549662
15424,4.574272952909064
10682,40.48557812352417
11011,91.31157782687387
3302,10.036440959455861
1689,34.67238792610266
15111,29.164732533233572
11822,13.46907982851544
12781,77.6472832521425
2299,0.20010324773754862
5262,79.15599823656511
6746,56.85023093104139
12818,12.262664593976847
9157,82.0185833375734
13140,88.09989725061804
10388,73.15081339554365
4278,32.19581955498517
3709,77.61425206736466
6561,19.261991823252767
1562,37.49058700193542
10900,25.824385664299363
14385,93.11421934157904
1108,91.8313057853016
15386,47.68323531174844
1938,41.430336803508084
9051,66.00762228772851
11773,37.4449724994804
4205,27.67435398539455
12916,47.661896825030844
10913,20.38562987203205
9054,5.740613581302867
4773,57.27288848449288
14433,26.736821214395444
352,59.827269145696306
1430,49.1183793029195
1087,14.869514326372856
2735,36.081170716410995
11800,42.93483537331616
7309,59.020191080068294
5229,78.14324942112823
5667,17.78511646425932
7016,69.44136052047551
9030,20.61491635604239
10680,95.51651327525481
7022,97.44929301874366
7195,25.506806496838163
7039,2.7097581731846065
15054,35.10759411569494
11527,15.524118796684206
5464,75.77344799129146
10978,23.321917824443705
9516,12.481766171507424
3610,59.05710684725262
1076,68.10734694133677
3523,15.305499831990044
6483,56.60501323161582
9798,82.44640341754064
11990,44.098993985675484
8389,14.355594883980382
12442,0.780804225610432
14273,36.918655794212455
8073,77.29106402684273
4343,17.26667731704993
5187,6.218661757111976
6785,25.75574979769589
14601,51.92662770789139
9803,84.66422258317913
15244,20.124842077517037
1247,79.68973736433605
1470,10.063165403395292
7070,27.597439339346053
12756,20.669330022432717
11589,8.772147333574242
7730,77.71414379436
13100,33.31745918189171
1016,58.317751837349185
562,85.9715000665198
2004,1.1080925991340362
11921,21.38057364129583
10225,19.486076602691117
12447,71.26193153534983
9910,12.593277445883466
6965,64.1093994270821
11565,39.17081098259311
7890,71.46043673973918
2959,80.45797902671343
14158,94.51110559887682
1764,46.29798202149388
1721,3.2644253027622416
14334,30.239790089755626
10687,84.61688571792801
3893,30.954128893520704
6729,72.64376976703946
1097,30.898609267238175
6861,30.35244232782982
13015,88.58981256193445
4790,22.064357101830122
12757,19.15181432333638
6735,49.33360804675774
7977,50.26164856957281
7796,90.16363857324498
6206,3.8225131445860594
1883,26.61979909871677
2010,5.149081865670957
3811,69.77153397523726
14593,57.198837186995824
3644,27.871460302007755
7095,14.630059885405423
15227,66.42036334514813
1974,6.717084874693569
11110,84.06556953066472
12023,12.948657039779643
8497,6.0200617215226515
5343,76.55274058273275
10782,40.03467083804728
4741,77.80548939870158
5140,45.20433464852728
14269,0.5325467383890725
3498,82.57107093295464
5635,22.176220300327966
8096,64.0617352899468
6104,24.35862623985234
7962,9.752862510632553
11659,89.49449368445616
1884,20.081725937660867
3066,0.752434245935385
13946,41.63668410693986
4835,43.63042747510644
11841,75.14112862377968
15391,15.312015104885024
2259,68.21371531072874
2391,16.750245280577424
6555,58.62435578532376
2962,85.68478264365424
8066,28.7737883753989
12803,50.63365932920411
2698,73.34924632236424
8545,99.51713304232399
10341,23.484694220660163
5944,45.939486579914735
12406,53.27909113767372
9494,20.86110309066209
1474,62.302080003003
4814,68.32478125959547
7553,63.35569732037112
7954,32.2506905311313
15498,82.59318840354825
205,51.912860443092534
7395,71.7885194484743
15691,73.13637781096371
10082,49.266529622451735
10944,42.732984428295495
7320,97.40013332604583
5812,30.49997426105865
8655,20.283421526152413
280,15.318762011436093
972,42.263029823283304
11819,99.9702048375686
12005,79.25764609817797
2990,64.60230378334978
2040,2.0113100672750184
9144,1.5820972068860684
1023,47.265236064398984
243,8.13893007512101
3457,28.772781372614997
983,1.947389338854133
5022,78.80637750878557
8657,47.35570878810638
13709,95.95334420115
842,28.36541557330253
14768,50.13444946194501
3192,47.01412378708669
11324,24.168924803265845
10931,48.53820760141569
4585,54.00482150501434
1983,49.546038626353486
8594,59.793544026655354
9875,43.69889445100556
14887,79.60139775474819
2290,10.286441412527491
13115,70.34136314253027
6557,73.18679678953409
6247,0.9264407766892302
7718,89.23100507774178
6272,21.17496531629778
5203,31.981530818942705
10296,63.949392256455816
6085,82.13346065792737
7048,3.1067325153408154
8948,17.186120001116713
6068,38.92678454731162
4371,27.99868049321914
9629,51.31589402772977
6153,78.2352672950804
2302,87.23220971323374
10269,94.44966844948704
6583,18.436245388704396
8270,78.01227087143452
3139,58.864784011128016
10839,9.075612162656688
11190,94.71319944690114
15648,17.438100298168248
449,97.70787438567258
3546,24.44201299518327
5898,91.23430621127623
5026,36.99178430898209
8113,4.65450102024475
1712,76.37809669270044
629,98.19775440797378
6441,59.59950409531992
388,22.25981878099519
11322,53.86971641952508
354,21.92788226417314
9219,74.62559338048594
12844,51.85407060210269
2441,38.3664212894337
2219,81.5851010674238
9929,36.12411238564969
10997,47.41020983311629
9956,53.87571540429191
11475,7.3348078277095
12329,81.36426973857714
8552,29.522324457941906
5483,95.56117860805499
1826,61.03476735964666
4690,69.29666461377046
7104,16.61820705384698
13433,86.41764596571487
4595,79.16466349693549
12043,15.874485867019638
9828,77.33857886531558
9643,46.47187177481478
5772,36.36055609051733
6383,36.32831841337437
14200,30.883439630873276
4116,98.34298751330178
14176,96.13832102272968
11151,25.2876491278907
11141,31.83032586492689
5674,77.40940242020154
13386,67.92666264905598
14525,47.98048170650683
3080,13.774819927431192
858,15.660591605660834
1576,6.54830642338422
3143,95.8912801030999
11472,25.681020950864543
10684,38.55476118660468
13836,90.02522649679474
9390,99.00368685755697
13759,72.74069164898803
11203,6.846611937550417
6379,2.4186040200773196
1579,8.18058462255803
9525,23.152673450208905
14575,12.477356440885368
3017,69.93241243070145
13079,89.05702459837987
6218,3.1313926425005745
5505,36.397558586771254
14091,15.94101569387748
5339,95.47012395519373
15306,12.272827408490016
4598,86.66273707648018
14815,88.6067999356174
4646,40.04194509717854
13497,74.08207748994224
6913,77.98400251484428
879,38.213576776713786
2449,16.44364749477588
6,28.00384683206395
5668,32.400250184462344
2713,66.05271502594677
6709,49.21161832246207
14731,95.55668262743035
13590,67.23145499064486
4994,69.33466448679508
1442,96.03214429610324
377,68.07687519676612
4410,32.48277698726116
9665,27.94041289318446
9832,64.69442930598805
12378,42.88189014358996
3419,67.17184100335552
11328,74.16666085442935
11197,94.47232163312725
9881,46.653659172940245
9982,91.78554755099692
8458,75.55022210059673
2455,22.264725926922026
14737,52.740276259695165
8216,16.4003408721899
3852,68.34852162408241
14814,34.975596623557934
7209,37.48207264906037
13635,0.33918764828273495
13331,35.172699855690645
13729,27.729857751382923
15586,25.453713944441514
7250,22.792596878146732
10421,4.746077848391172
13437,51.014286017937636
8800,0.7724868127657492
8861,22.898628040051648
3321,36.33708395400998
14276,38.568612780613876
631,12.127105921633763
3175,87.17224193226623
8920,90.77458316929945
15487,2.0676432638890407
12203,47.76481690820098
10895,22.50296237928412
12282,92.51144596427584
3123,45.04302895836412
11064,77.22131347069488
9470,82.86772664347365
10332,99.53804291544085
3507,14.293130684186185
15116,59.509951133296234
8162,32.73005677068884
8715,97.51832350778886
9545,58.0646571399033
503,5.946002735046263
13422,63.31895641640213
3632,44.660495691686094
2500,86.69738005408826
10106,88.33355559675155
2437,30.762178470083455
8178,28.848933998198724
1586,66.11596127745489
9135,45.089730385143824
10537,2.7381298853380365
8374,69.81979798831289
14786,38.10734719873224
5443,18.438803697890137
5551,31.554881590392668
9852,33.136466695375674
8704,21.740486288474926
3288,46.95436546398524
12361,87.92932472157918
10639,71.17670895418382
7690,51.153648895880224
5523,53.049154462511716
14966,84.13130146517337
9554,21.667356886608836
1666,76.95132040719089
3223,73.71995918185526
14670,13.155810980585358
154,43.439911950591416
12022,4.608070694143573
9496,70.96490730802043
7760,97.06344160456067
4467,40.803515605525206
3041,76.87710064873924
10040,98.11886877377486
8617,37.77960271174307
3504,67.55904005737324
6788,10.342255506243314
3706,86.73623863698204
6684,34.86701759916375
8799,47.29087413630788
11519,32.549479532951395
13530,35.058709772518334
4565,58.80153684256458
1202,5.493519385549517
2649,89.65964283416754
3552,42.400124373420475
14757,40.6630114541246
6244,53.169008287374
534,47.40183636571387
14133,41.821463845415884
2804,13.499317898842966
3008,78.53279034678394
896,3.475947460047779
5324,13.589755224500976
4266,98.29098839815136
1069,56.55738758238608
1340,62.24361439298304
15076,81.54442914745616
1265,36.425907361886956
14325,61.7071137998458
8774,46.31999870106388
8874,30.4065127544635
15692,1.7415655335931923
6738,19.1024860852434
12042,97.46317389370208
2843,6.585448681632022
7335,66.11870422102176
10130,64.4720354910582
266,23.697774024774432
1881,45.93929178444277
2389,58.30151656994498
6003,54.44143070020577
11851,51.66905245254038
5432,13.250351735602594
13005,21.808550294317197
14263,58.16204695817843
11539,54.49774417944159
8144,85.64212645874305
8301,10.395806092115157
9485,26.24791596027942
1436,41.72938845490249
5104,28.410417770244976
11175,42.28662412649474
11057,14.140927823453476
425,65.29395388993697
12053,93.50475160263879
11973,60.351666851641205
9837,6.750644438913289
5958,86.4862001099781
3519,5.315242541610587
2314,68.03127594689731
6614,21.845341505042825
13846,83.34619854805926
10102,41.005020956977056
346,34.50671268776444
13318,23.37909984026104
8515,16.085397370308662
13507,60.931369455968195
4310,5.932695880035022
8925,50.08828088685664
9023,2.159391141569922
14686,1.9036584419733327
1998,34.116593106263615
14623,9.221174592042603
11970,13.63276607389803
8361,60.6966255444966
5215,71.09133190673893
10036,72.52000019059997
1330,12.059923724161015
9544,3.474269633436866
5147,21.363777570153452
12288,17.88331732955115
4352,80.95070363214363
12701,98.95881644776698
11730,16.407249968236805
14616,14.869342411264109
14906,22.5641879373935
872,42.26461390200018
11955,29.93077342645102
13304,84.21032691537881
7339,53.29582864944277
14084,8.769173570688093
6351,48.70045326816478
8207,83.08875405862064
12895,49.67083224330039
11882,15.880545613236663
11904,15.815607397026776
7945,8.706372007027873
13185,25.627213320066755
13180,2.4280709292371694
5590,57.47315175027996
2061,43.81492494247754
5188,5.2858923724305225
3964,39.96126385972969
9110,81.02324914444728
8302,43.05825363256584
4710,11.58240102310507
5253,55.12702553171997
4473,9.665471169159812
6231,40.693115146703775
11859,70.1989307580918
11280,15.782750411682434
5427,46.94708049189118
2252,11.804020480289545
14541,28.741954854489403
15406,36.38274538988361
163,14.6247357450614
11790,14.720805365233103
3783,24.032878610121777
3032,88.77627631073551
14958,91.82477051494466
11099,23.265012030790867
11736,35.45976724774016
7055,11.613137316991718
14635,73.95016664254678
1446,45.74064769799479
2898,51.82250640132779
13919,66.91684860689352
7442,28.538332065379425
7544,40.409778178961396
2823,55.776709832175186
14722,79.84207850579884
7473,4.11197651652847
1372,52.240734515747576
12177,86.79696970503115
15219,90.49584197782723
3789,6.981625600141783
3824,18.308142300024066
6535,85.43900399730084
9148,41.67908594484633
217,34.90906690563956
13773,87.79912354375412
9668,91.54454602702202
11005,23.488497490122306
1833,99.8496270776113
5609,42.79533233765533
5409,67.29209595948414
2670,4.015946925857749
15372,66.12819798631519
10008,64.0829983902798
2551,84.57876227716758
8823,60.44965204597707
10961,70.0439800401684
12264,66.21156131228675
5615,73.40647990025214
5361,41.65268909556171
11763,37.981355957759924
12305,71.29497452551263
1608,3.6499018658537885
15032,14.436310572868061
14595,93.66922034442837
12763,54.79598183201018
6414,61.530084212908676
6309,98.10697995692517
11003,29.075213152421608
7937,91.82135954900579
11750,77.42635852793029
14987,79.91844653086393
14294,53.37670213909195
15676,62.64810904580331
13485,88.79285628958874
10986,91.10136841973852
12429,99.83240672561627
11580,89.99686637566734
11253,1.6839918177169566
9889,19.104142334348673
14426,49.129680024132405
7645,24.42941227999176
2665,5.011381113028657
7052,0.9581353555765504
2423,87.54487830359876
14390,70.13036705812975
7073,29.891503654379793
15137,98.62519119894347
1334,8.037910638425616
7284,81.23836659418565
7399,64.34878966184377
9432,7.0830294885718565
1684,23.460901817412672
11244,45.95259205597462
3217,97.95236298437538
2015,52.37889297532106
1704,54.32158035826416
7569,29.512945029947456
4065,10.206303533245798
13981,63.57475807138427
14740,61.683284710366394
2587,65.52267484545938
3563,67.51482232228882
14461,74.25135500114217
6862,77.32039015226184
5953,7.706514588256486
10172,31.980561109958682
3778,3.7113265081301305
11598,28.69581327667936
12088,73.38404039427431
4014,78.42201489255821
13000,84.70316537489512
3673,51.40758564650035
12079,32.08547062046401
10772,0.3437348674049434
786,92.36317855427944
13317,75.04004520549745
11740,2.4134715439041
14538,29.80916534719642
3451,98.00161923801055
10671,66.04372446576001
13913,67.89655365126652
7681,52.37372606666932
12805,57.73322561677018
9509,28.738950280234132
9886,32.056664429993056
3961,27.57060067690704
13795,75.98051992586686
12842,57.071202627069695
1851,89.624863062036
3173,12.397729988813976
5520,42.96141848893578
8051,70.0187947882551
12355,28.20260091147022
8311,70.7740511535906
1548,94.9956415347225
12780,82.44545184773644
14421,27.711179624282778
14493,37.43476441828605
7384,5.7574665027118055
7590,64.9686106861693
6988,96.86106820524432
6849,27.295808935601507
15506,28.497781490511432
5199,88.07195191734783
2461,47.90603422842058
1026,87.85469459565321
12519,58.23237071970034
5541,32.92588139461101
5258,2.5632528056903303
15255,37.374001980377216
1796,33.01427078444691
40,30.749038924969653
6109,37.57224129555542
13416,43.06753832595428
253,49.03938877653913
173,48.80671216185076
13003,32.29385440188749
2925,67.6190290551793
7,69.65289493720435
11495,55.84374958886427
12268,78.66311576292733
14249,66.27286468629762
953,74.73559716104606
4481,44.19261887862667
12095,12.812573535454685
9431,87.20295043337102
9901,69.75427397875438
529,75.28111015686342
3651,43.48221557124522
15328,6.535122362354883
15082,23.452787660280617
11148,14.896246582793093
2603,66.41196126071806
12370,39.35409591542247
3705,70.3970979508632
9334,96.24314653065356
5539,73.01765349355564
2001,69.66705562024788
6475,14.333123166813133
10850,36.20569411130252
2482,23.08498907584886
10292,34.947598546447075
2533,68.44941176549399
6130,37.27738170492522
11126,91.72756104246854
1021,13.384661429976696
6985,30.778850521390353
7921,50.02245616475424
1631,33.39357009967141
693,88.25684094215423
8787,47.244039596562295
13749,58.85363345067057
10002,98.64135916502521
9831,10.56175185620275
5533,6.6454636480148155
11431,82.28738180852673
12032,24.114589288080712
14119,67.38635610995001
12941,12.311151775625916
4946,32.73621174289871
11264,45.981328052935964
9252,48.793305356879365
1990,67.0589027242929
14167,12.798820520497733
385,0.7167465646312543
13167,61.43607542100641
10059,31.436935717722292
3276,54.888009276819396
1814,1.3844874514300387
932,40.453304234580855
13916,76.3427555987406
11608,40.31078071926936
11229,32.693127503822325
12496,5.906001035113073
14990,31.372121549574505
8762,55.31161708905464
8213,72.49124995752999
12068,15.424500665312202
11677,14.045878795558242
12542,9.560687283276314
2568,92.05812723197259
5627,64.2383336617174
6169,85.2603796986084
8793,58.17060365504483
2358,58.23183907964109
919,8.323905849316837
14900,50.70512266390702
7219,76.56297020707615
15713,24.393036978158634
2053,68.81602365901541
1635,43.965244063114795
14838,35.34178151843129
8400,92.55810243602262
11365,28.140643368371943
7178,45.84754942240744
3131,36.2585298585715
6676,56.725475465840034
4062,84.51520959914028
3882,62.09599291841153
551,23.60072912968575
13562,80.52318512362565
11150,30.42649621557446
9297,8.99378333708577
6403,67.61417276353548
11021,43.40627627052687
3899,23.26398617159302
1768,66.5324565613738
15108,27.447214584498212
2706,36.42747017012917
8447,97.92529356376443
13961,36.160898134831285
13152,75.70893612670856
5177,40.61644416541341
13455,85.41529741876455
12422,2.998372134156879
1520,82.24100075699174
2361,36.78145416225171
12543,61.95452521175544
4288,88.18387985701975
15644,54.43920634126931
1921,70.54974568327049
11627,87.61471822170739
2613,56.55333064213245
5544,57.849438140394206
14725,7.090939296542564
9440,8.164004685835213
8173,41.36807935169098
4362,6.112671329499464
15359,48.96165772349481
15725,88.58773144668254
7788,3.963101883250919
2920,71.12167953057006
6179,28.490927627112118
12800,6.904194273646391
11631,47.9871717322941
11768,53.04354638109008
3661,78.1006986348731
2869,68.17045688016505
6505,34.54102482129379
13279,2.282739671238987
14056,71.18565116887481
5286,65.02437847076241
10529,73.72494783943664
7943,67.75875892402951
13037,13.275260059388394
6253,47.91804625564146
9739,4.873939957590379
8057,55.262540265735936
3895,65.95599211318746
12138,12.295040507178712
881,65.07600876981928
2234,0.7972403876767231
14409,14.249627218167616
3890,16.02248270987685
14767,38.58053855765425
234,78.2440909125896
731,12.557586155078814
14213,69.74292125544017
12347,58.169820969418794
10129,31.860379349762514
13941,72.45948806948212
11187,9.029805128903245
7706,56.52477680224452
9147,80.45518261881878
11386,60.358818700440885
12672,1.2125626874764484
11255,6.300228144641218
14805,54.896854894906866
12189,4.829109558197143
11896,67.2574010515801
12556,66.17839977974401
3417,78.0074317157
7382,63.68673398012147
14057,42.88829194035375
3108,96.29591572238235
12747,58.25462358393614
3713,87.7447906625767
10776,43.1410892814249
3045,17.369620285150734
170,75.82923779231713
2397,86.64379133752354
8418,44.86640012838738
9649,24.7015983795965
9069,8.17265398854683
13628,83.00868360882895
1999,21.878394135550316
1518,29.07784849450623
271,87.48460223308366
9001,90.65713997528545
2903,1.0033510132296475
1967,91.57898359755225
4787,88.88691426906696
1580,48.03522664695474
3682,95.63511966715173
3581,82.16709264321435
2466,44.593550960475284
12562,7.948156937304873
4157,99.8725861214487
3708,12.935113910509022
3997,52.70431956732553
9648,32.716935646562895
9778,25.78421579269996
23,37.76213697477323
14428,16.127434530933538
7046,55.34386653471607
13719,65.27100605811052
1845,54.84726534293022
5512,1.6972077375173478
9847,53.26426810418995
4449,72.53827258529839
480,42.69076317697823
8918,44.70508500049112
1402,17.23151571603283
7847,28.93301040943328
1258,53.62884733610608
13547,42.11672351621025
5632,44.367696069072906
3176,52.84158535644019
4096,16.05282603936994
2973,9.72870553383226
14913,67.31060231792235
5092,7.538649438130052
2975,5.257383567383234
14861,20.893913207111815
4724,9.978862051592074
11317,40.30863894877624
4382,41.91465324121597
6165,93.56730347739123
14526,51.17411635662932
1103,25.991764511168135
11735,40.53580983178418
5218,97.1155160381943
3790,58.365110531067444
5759,67.77475080381434
7960,33.5558517758229
9050,86.3901987152304
2726,3.4495640142149786
10286,88.41541327401579
14233,13.278104432758331
4718,64.8859676429814
4107,99.96628578990968
8858,19.667354728454335
2883,8.113389004695314
12097,29.983764653934607
12284,48.173471537637944
413,12.172365103861349
11924,75.88166630428088
10556,19.59303367951506
1336,40.251588689419826
6512,70.0732770776476
1050,40.01755439570027
14391,84.28009088401312
1929,44.97407292134915
4673,75.89622763727111
11104,87.83503757347766
7333,1.2828814655612142
1477,30.383653265234468
12564,62.45245427855265
14137,50.66482475146312
11636,52.43192086460049
10966,45.806915018386974
10451,71.65348357527273
1799,7.3874806568741676
8038,61.09244182074847
14235,68.23907772332896
5013,66.71299982122622
11681,53.46005683173124
14821,81.41632903277439
14711,50.1609088575628
7321,50.445398402865
8446,98.42898741391173
12489,69.1341679713532
7266,40.710700270432255
8189,23.65183293660369
13881,39.55231918724935
2277,25.49680235049975
13234,65.00186653014185
2148,49.82763542240606
7820,30.581531929368456
14275,85.0804665714292
9078,28.542209149512622
4091,57.19047199347408
2863,33.67804673804675
10461,56.06331119134046
8873,7.636102584434812
5705,7.329912003002326
7257,99.58624317614162
11661,29.00662098144998
859,28.52054738444475
9293,0.5859702132400724
15338,20.462421459214607
13653,83.90953330934082
13064,22.652911145511577
1657,13.075280871757167
11809,43.11748690159987
945,11.437350483451059
9124,91.57694572636802
1906,98.51678324024954
13996,21.562971898904483
2967,1.0332057852486143
5867,20.008694966255668
582,85.53295513923702
9208,34.338085745791005
12808,44.31922830705136
754,92.84914205072465
9308,79.25615085448662
13558,3.405436420879826
9045,56.94845228344126
10478,28.65988282329045
4217,67.96679553674446
13285,21.99210368876533
15148,21.489152676101952
1484,96.32320906548097
9454,45.58113850039719
6885,56.349787851366415
1384,91.28969117454993
220,22.819751978409876
10134,71.80669419418435
4289,88.12878033170804
15408,66.99386622026411
5682,13.005841458436418
768,84.56334414203548
13519,53.117285814461304
3762,12.020914778403391
6014,61.49698482309604
10890,53.56262541053712
2510,62.29069580570352
6848,26.474749128172736
11556,68.23319503606213
6616,73.48060681623662
8137,46.39607328123244
5331,47.550662454558335
2645,67.49870142490406
6352,69.79504186169056
10733,64.77883884740704
11222,21.80382553332808
2852,96.95003802430205
14406,10.864474291522086
12020,37.44509906592265
15528,14.67898027521336
3221,42.9079120763805
14857,64.50624196143274
15573,7.377338832143188
7772,58.41583413288968
14964,29.626003576799032
11890,45.24423081440227
6408,33.1850014330513
6547,6.270345307254521
9345,77.52750383485714
4008,98.58126215867745
14188,63.1689165124053
1189,18.72038446354797
13206,83.37661473759482
10790,29.493267145625378
9558,49.22788528025932
3081,14.240898789684287
10128,43.90936882801465
8003,75.27021936862015
6834,25.070662368424657
13226,23.27940748086066
1692,43.064276536316314
13125,87.06803634982438
8290,76.97030682476048
9939,28.58082803498112
14962,39.42776474284242
10949,56.26789370745649
5506,26.784184121698306
3551,14.508153357918108
3148,34.083176221351664
13500,54.54745672422794
10314,40.188518096225444
7148,20.002399992687913
827,28.991989214761492
5116,85.374504048934
7276,24.9530247539442
8005,62.12370210087763
948,82.64122862790498
14027,15.726472238369704
1927,36.06374550716228
793,61.79914042332818
13061,67.19614493012858
3976,40.070643171223
9236,8.602711419877817
2480,78.38355505256771
4375,34.234490342398075
2763,66.55786615576807
1267,6.307020084376703
3828,76.64633811032895
3304,49.77318607061548
6502,93.65016775090798
15291,86.97288988773354
11995,47.989605564517966
12866,10.598500985374326
13099,49.98494004859434
3522,22.706411526053028
14109,26.84307265663657
7491,54.10945379297842
9280,34.36786419406575
10090,23.445524587965473
14218,52.61060232034627
15240,94.9748509294223
5175,69.75509880909108
931,82.6108984303849
4854,73.1274139347495
3170,99.38866480861375
13905,57.153521124450954
8092,76.76829482428461
3349,21.483245058040403
740,71.14051662367797
5941,45.98830967466764
14350,58.52788563976673
9622,96.95976969542338
7355,87.69147327803287
2378,72.05303813838425
5775,99.98124991752834
8998,76.32570695360388
11279,95.46126591901155
11442,53.399161979149056
4163,11.370515773444545
1836,97.67417817151393
5510,8.26389649728798
929,81.00888122686986
4063,98.7939781148536
6694,61.99494557634807
11639,57.19922926479099
12169,21.047337809102494
9145,83.41905666980618
1827,22.45053222994452
4474,9.599763560511466
9439,35.32582900017118
3607,85.69144812388366
15561,61.74119587379202
15448,79.70844478728336
2689,73.9981522138325
880,60.56994958481311
7089,11.85732215486266
13434,46.97749082631242
13440,9.495264160693829
14414,64.45943205740983
6661,15.833026740323541
1960,39.98041678836971
14005,64.13192363406836
8615,3.1540549928360195
3554,27.869125184579314
1714,95.86285613401178
14934,80.7453971921417
9594,74.30007357406807
9565,93.5765195724228
10209,68.35098846796728
13096,89.69248413557726
2063,5.539467091677941
4461,41.68167302597756
11655,88.05183262119894
10670,39.301424331312994
1005,75.87216854890362
1331,99.3897803181931
12238,24.843037142345125
4808,31.45788450317031
3586,51.43344916132294
3158,35.428332037406186
2066,98.77056744257648
11860,68.84961068325555
2291,47.97486652778239
1199,42.7273141956593
10835,27.910956375403483
5504,66.26396170902058
12688,12.860440867034473
11356,41.78898909287556
3049,94.36481148111774
12335,85.71497153518744
6579,2.5132247838452693
12280,87.62342768147703
7795,33.463653456162525
12902,3.1044134245713506
6039,81.27219754814737
14342,25.99536529193639
7170,42.70398139257134
8608,83.54138161001656
14620,58.72857089092493
11888,90.39922756863426
11056,57.45518608391571
4761,43.804909855067955
14412,11.868068448935631
1767,64.82606645594139
13834,83.57698059268782
3281,32.22059732122726
13232,17.886517121708334
7859,19.22746784667051
9041,42.21753934327586
12506,22.42424715612714
5293,23.64063964334332
14677,25.326784981272276
10798,15.367262845947415
10067,88.14402128726991
8177,33.76424172038691
15564,28.622045507315953
3730,22.02789687262543
4442,65.47614689180155
7704,35.23783584791873
13583,75.43978734099936
15534,12.020465817127391
7644,30.988528728955355
3378,44.33370539572263
7027,50.02746915875
10987,78.59752603421296
661,6.004666399845348
1367,28.30041958990922
5083,22.860026396465617
6976,86.64578722844163
10222,42.648781914687575
8547,84.45934699732742
4115,77.81751392244671
13342,18.38758951073195
13903,60.3628162360216
5550,18.667103540869746
14792,5.5596012846932386
575,36.47227387168833
11588,48.96941878086317
9094,71.49282559734476
4358,42.612094142964416
7989,59.4821354103055
2394,41.28673887574579
12942,26.06891578222703
3894,41.48735468056775
10236,6.255771981703962
10946,51.272745646976745
11032,86.60947435032669
7245,87.51990396071974
12612,16.03082275192148
11200,29.562182836217875
14650,63.67934679176581
14501,39.974489330810925
10574,58.80760630813796
8585,77.1221888139385
8856,16.699903316213028
4493,97.8140079121435
7864,13.341038633738068
4788,48.802377357990046
6955,14.774267031089593
7072,52.14952983486878
9800,9.645801300642143
11898,22.817093104619413
15485,5.081054450198719
4682,33.7467405866026
13910,79.74025666623436
8151,48.52693836825266
1198,74.94015003477841
7543,11.864871450127046
2929,68.2406826981286
10027,8.695300393570992
15026,94.8047808478175
7744,45.94844772018224
127,92.45813612924304
8539,42.01841804027037
5977,17.752188150663905
13289,47.65392992813132
14082,57.83781699813324
15661,74.52664530012328
2029,10.463120663812065
8492,70.28689433338094
9321,78.64049274722136
8822,14.074420998000647
13883,24.058797868331048
12934,70.49589619209456
2019,91.10149158488898
2255,7.248520138147185
3530,28.994854271392214
5782,63.79607341098422
4023,97.46093329829942
6459,61.58743959439635
9291,14.455717491323504
491,37.750817537806945
6886,88.49048501634603
9118,34.968162973150406
4012,54.012534465354754
12145,34.89703260756477
3629,18.94190742750248
3027,14.696910253097538
3208,55.93106676249725
3727,23.800639355814333
2724,96.36878828566289
9942,74.05872023271878
9764,86.29133280348911
5197,19.085839202149955
13403,5.456303705046062
15030,43.327418439863266
61,27.6929308050066
9121,78.63857664127136
5931,51.11927389277021
14479,25.787268572530042
6377,72.27077264936781
3741,76.74545451467233
6725,75.95069246429462
12179,76.30528738255919
